<?xml version="1.0" encoding="UTF-8"?>
<!-- mapper.xml 유효성 검사 -->
<!DOCTYPE mapper
  PUBLIC "-//mybatis.org//DTD Mapper 3.0//EN"
  "http://mybatis.org/dtd/mybatis-3-mapper.dtd">
<mapper namespace="club">
		<resultMap type="map" id="clubListMap">
		<result column="CLUB_CODE" property="clubCode"/>
		<result column="INTERESTING_CODE" property="interestingCode"/>
		<result column="MEMBER_CODE" property="memberCode"/>
		<result column="LOCAL_CODE" property="localCode"/>
		<result column="CLUB_NAME" property="clubName"/>
		<result column="CLUB_SIMPLE_INFO" property="clubsimpleInfo"/>
		<result column="CLUB_INFO" property="clubInfo"/>
		<result column="MAIN_ORIGINAL_FILENAME" property="mainoriginalFilename"/>
		<result column="MAIN_RENAMED_FILENAME" property="mainrenamedFilename"/>
		<result column="CLUB_MEMBER_COUNT" property="clubmemberCount"/>
		<result column="CLUB_ADMIN" property="clubAdmin"/>
		</resultMap>
		
		<resultMap type="club" id="clubMemberMap">
		<id column="CLUB_CODE" property="clubCode"/>
		<result column="INTERESTING_CODE" property="interestingCode"/>
		<result column="MEMBER_CODE" property="memberCode"/>
		<result column="LOCAL_CODE" property="localCode"/>
		<result column="CLUB_NAME" property="clubName"/>
		<result column="CLUB_SIMPLE_INFO" property="clubsimpleInfo"/>
		<result column="CLUB_INFO" property="clubInfo"/>
		<result column="MAIN_ORIGINAL_FILENAME" property="mainoriginalFilename"/>
		<result column="MAIN_RENAMED_FILENAME" property="mainrenamedFilename"/>
		<result column="CLUB_ADMIN" property="clubAdmin"/>
		
		<collection property="clubMember" ofType="clubmember" >
			<result column="CLUB_CODE" 	property="clubCode"/>
			<result column="CLUB_MEMBER_CODE" property="clubmemberCode"/>
			<result column="CLUB_MEM_GRADE" property="clubmemGrade"/>
			<result column="CLUB_JOIN_CHECK" property="clubjoinCheck"/>
		</collection>	
		</resultMap>
		
		
		<resultMap type="clubContent" id="clubcontentphoto">
		<id column="CLUB_CONTENT_CODE" property="clubcontentCode"/>
		<result column="CLUB_CODE" property="clubCode"/>
		<result column="MEMBER_CODE" property="memberCode"/>
		<result column="CONTENT_TITLE" property="contentTitle"/>
		<result column="CONTENT" property="content"/>
		<result column="WRITE_LEVEL" property="writeLevel"/>
		<result column="WRITE_DATE" property="writeDate"/>
		<result column="MEMBER_NICKNAME" property="memberNickname"/>
		
		<collection property="clubPhotos" ofType="clubphoto">
			<result column="CLUBPHOTONUM" property="photorowNum"/>
			<result column="CLUB_CONTENT_CODE" property="clubcontentCode"/>
			<result column="CLUB_CODE" property="clubCode"/>
			<result column="CLUB_ORIGINAL_FILENAME" property="cluboriginalFilename"/>
			<result column="CLUB_RENAMED_FILENAME" property="clubrenamedFilename"/>
			<result column="PIC_INFO" property="picInfo"/>
			<result column="CLUB_PHOTO_NUM" property="clubphotoNum"/>
		</collection>
		</resultMap>
		
		
		<resultMap type="map" id="clubcontentMap">
		<result column="CLUB_CONTENT_CODE" property="clubcontentCode"/>
		<result column="CLUB_CODE" property="clubCode"/>
		<result column="MEMBER_CODE" property="memberCode"/>
		<result column="CONTENT_TITLE" property="contentTitle"/>
		<result column="CONTENT" property="content"/>
		<result column="WRITE_LEVEL" property="writeLevel"/>
		<result column="WRITE_DATE" property="writeDate"/>
		<result column="MEMBER_NICKNAME" property="memberNickname"/>
		</resultMap>
		
		
		<resultMap type="clubcomment" id="clubcommentMap">
			<result column="MEETING_COMMENT_CODE" property="meetingcommentCode"/>
			<result column="COMMENT_WRITER" property="commentWriter"/>
			<result column="COMMENT_CONTENT" property="commentContent"/>
			<result column="COMMENT_DATE" property="commentDate"/>
			<result column="MEETING_CONTENT_CODE" property="meetingcontentCode"/>
			<result column="NICKNAME" property="writerNickname"/>
		</resultMap>
		
		
		<resultMap type="clubphoto" id="seeImg">
			<id column="CLUB_CONTENT_CODE" property="clubcontentCode"/>
			<result column="CLUB_CODE" property="clubCode"/>
			<result column="CLUB_ORIGINAL_FILENAME" property="cluboriginalFilename"/>
			<result column="CLUB_RENAMED_FILENAME" property="clubrenamedFilename"/>
			<result column="PIC_INFO" property="picInfo"/>
			<result column="CLUB_PHOTO_NUM" property="clubphotoNum"/>
			
			<collection property="clubComments" ofType="clubcomment">
				<result column="CLUB_CONTENT_CODE" property="meetingcommentCode"/>
				<result column="COMMENT_WRITER" property="commentWriter"/>
				<result column="COMMENT_CONTENT" property="commentContent"/>
				<result column="COMMENT_DATE" property="commentDate"/>
				<result column="MEETING_CONTENT_CODE" property="meetingcontentCode"/>
				<result column="WRITER_NICKNAME" property="writerNickname"/>
			</collection>
		</resultMap>
		
		<resultMap type="map" id="myclubList">
			<result column="CLUB_CODE" property="clubCode"/>
			<result column="INTERESTING_CODE" property="interestingCode"/>
			<result column="MEMBER_CODE" property="memberCode"/>
			<result column="LOCAL_CODE" property="localCode"/>
			<result column="CLUB_NAME" property="clubName"/>
			<result column="CLUB_SIMPLE_INFO" property="clubsimpleInfo"/>
			<result column="CLUB_INFO" property="clubInfo"/>
			<result column="MAIN_ORIGINAL_FILENAME" property="mainoriginalFilename"/>
			<result column="MAIN_RENAMED_FILENAME" property="mainrenamedFilename"/>
			<result column="CLUB_MEMBER_COUNT" property="clubmemberCount"/>
			<result column="CLUB_ADMIN" property="clubAdmin"/>
		</resultMap>
		
		<resultMap type="map" id="myclubCode">
			<result column="CLUB_CODE" property="clubCode"/>
		</resultMap>
		
		
		
		
	<select id="selectClubList" resultMap="clubListMap">
	select C.*,(select count(*) from club_member where CLUB_CODE = C.CLUB_CODE AND CLUB_JOIN_CHECK ='Y') CLUB_MEMBER_COUNT,(select NICKNAME FROM MEMBER WHERE MEMBER_CODE = C.MEMBER_CODE) CLUB_ADMIN
	from club C 
		left join member M on C.MEMBER_CODE = M.MEMBER_CODE
		 left join interesting I on C.interesting_code = I.interesting_code
		 left join local L on C.local_code = L.local_code
		  left join city T on L.city_code = T.city_code
	where 1=1
	<if test="title != null and title != ''">
		and C.CLUB_NAME like '%'||#{title}||'%'
	</if>
	<if test="local != null and local != 0">
		and C.local_code = #{local}
	</if>
	<if test="nickName != null and nickName != ''">
		and M.nickname like '%'||#{nickName}||'%'
	</if>
	<if test="interesting != null and interesting != 0">
		and C.interesting_code = #{interesting}
	</if>
	<if test="city != null and city != 0">
		and L.city_code = #{city}
	</if>
	order by CLUB_CODE DESC
	</select>
	
	<select id="totalclubCount" resultType="_int">
	select count(*) from club
	</select>
	
	<insert id="insertClub" >
		insert into club values(seq_club.nextval,#{interestingCode},#{memberCode},#{localCode},#{clubName},#{clubsimpleInfo},#{clubInfo},#{mainoriginalFilename},#{mainrenamedFilename})
		<selectKey keyProperty="clubCode" resultType="Integer" order="AFTER"> 
			SELECT seq_club.currval FROM dual 
		</selectKey>
	</insert>
	

	<insert id="insertClubAdmin" >
		insert into club_member values(#{clubCode},#{memberCode},2,'Y')
	</insert>
	
	<select id="selectOneClub" resultMap="clubMemberMap">
		select L.*,M.* 
		from club L left join club_member M on L.CLUB_CODE = M.CLUB_CODE
		where M.club_code = #{clubCode} and M.CLUB_JOIN_CHECK ='Y'
	</select>
	
	<select id="searchClubAdmin" resultType="java.lang.String">
		select NICKNAME from member  where MEMBER_CODE = #{memberCode} 
	</select>
	
	<insert id="insertclubContent1">
		insert into club_content values(seq_club_content.nextval,#{clubCode},#{memberCode},#{contentTitle},#{content},#{writeLevel},sysdate)
	</insert>
	
	
	<select id="selectcontentList" resultMap="clubcontentMap">
	select C.*,(select M.NICKNAME from member M where M.MEMBER_CODE = C.MEMBER_CODE)  MEMBER_NICKNAME
	from club_content C 
	where c.club_code=#{clubCode} and (c.write_level =1 or c.write_level =0)
	order by c.write_level , write_date desc
	</select>
	
	<select id="selectClubcontentOne" resultType="clubcontent">
	 	select C.*,(select M.NICKNAME from member M where M.MEMBER_CODE = C.MEMBER_CODE)  MEMBER_NICKNAME
		from club_content C 
		where C.club_content_code = #{contentCode} 
	</select>
	
	<insert id="insertclubContent0">
		insert into club_content values(seq_club_content.nextval,#{clubCode},#{memberCode},#{contentTitle},#{content},#{writeLevel},sysdate)
	</insert>
	
	
	<insert id="insertclubLocal">
		insert into local values(#{localCode},seq_city_code.nextval,#{localName})
		<selectKey keyProperty="cityCode" resultType="Integer" order="AFTER"> 
			SELECT seq_city_code.currval FROM dual 
		</selectKey>
	</insert>
	
	<insert id="insertclubCity">
		insert into city values(#{cityCode},#{localName})
	</insert>
	
	
	<insert id="insertclubContent2">
		insert into club_content values(seq_club_content.nextval,#{clubCode},#{memberCode},#{contentTitle},#{content},#{writeLevel},sysdate)
		<selectKey keyProperty="clubcontentCode" resultType="Integer" order="AFTER"> 
			SELECT seq_club_content.currval FROM dual 
		</selectKey>
	</insert>
	
	<insert id="insertClubphoto">
		insert into club_photo values(#{clubcontentCode},#{clubCode},#{cluboriginalFilename},#{clubrenamedFilename},#{picInfo},seq_club_photo.nextval)
	</insert>
	
	<select id="selectphotocontentList" resultMap="clubcontentphoto">
		select C.*,P.*
		from club_content C left join (select row_number() over(partition by P.club_content_code order by P.club_content_code, P.club_photo_num) clubphotonum, P.*
		from club_photo P
		order by p.club_content_code, P.club_photo_num) P on C.club_content_code =P.club_content_code
		where  c.club_code =#{clubCode} and c.write_level=2
	</select>
	
	<insert id="addComment">
		insert into club_comment values(seq_club_comment.nextval,#{commentWriter},#{commentContent},sysdate,#{meetingcontentCode})
	</insert>
	
	<select id="selectBoardCommentByCode" resultMap="clubcommentMap">
	    select C.*, M.NICKNAME
		from club_comment C
    		left join member M on C.comment_writer = M.member_code
		where C.meeting_content_code = #{meetingcontentCode}
	</select>
	
	<select id="selectseephotoList" resultMap="clubcontentphoto">
		select C.*,M.NICKNAME MEMBER_NICKNAME,P.*
		from club_content C left join member M on C.member_code = M.member_code 
		left join (select row_number() over(partition by P.club_content_code order by P.club_content_code, P.club_photo_num) clubphotonum, P.*
		from club_photo P
		order by p.club_content_code, P.club_photo_num) P on C.club_content_code =P.club_content_code
		where c.write_level=2 and c.club_content_code=#{seephotoCode}
	</select>
	
	<delete id="deleteclubContent">
		delete from club_content where club_content_code =#{contentCode}
	</delete>
	
	<delete id="deleteclubImg">
		delete from club_photo where club_content_code=#{contentCode}
	</delete>
	
	<select id="selectmyclubCode" resultMap="myclubCode">
		select CM.club_code
		from club_member CM
		where CM.club_member_code =#{memberCode}
	</select>
	
	<select  id="selectmyclubList" resultMap="clubListMap">
		select C.*,(select count(*) from club_member where CLUB_CODE = C.CLUB_CODE AND CLUB_JOIN_CHECK ='Y') CLUB_MEMBER_COUNT,(select NICKNAME FROM MEMBER WHERE MEMBER_CODE = C.MEMBER_CODE) CLUB_ADMIN from club C where C.club_code in 

		<foreach item="e" collection="clubCode" open="(" separator="," close=")">
			#{e}
		</foreach>
		
	</select>
	
	<insert id="insertClubmember">
		insert into club_member values(#{clubCode},#{clubmemberCode},0,'N')
	</insert>
</mapper>

