<?xml version="1.0" encoding="UTF-8"?>
<!DOCTYPE mapper PUBLIC "-//mybatis.org//DTD Mapper 3.0//EN" "http://mybatis.org/dtd/mybatis-3-mapper.dtd" >
<mapper namespace="admin">
	<resultMap type="map" id="statisticsMap">
		<result column="city_name" property="cityName"/>
		<result column="count" property="count"/>
	</resultMap>
	
	<select id="memberAllCnt" resultType="string">
		select count(*) from member
	</select>
	<select id="memberMaleCnt" resultType="string">
		select count(*) from member where gender = 'M'
	</select>
	<select id="memberFemaleCnt" resultType="string">
		select count(*) from member where gender = 'F'
	</select>
	<select id="member20" resultType="string">
		select count(*) from member 
		where to_char(sysdate, 'yyyy')-to_char(birthday, 'yyyy')+1 <![CDATA[<]]> 30
			and to_char(sysdate, 'yyyy')-to_char(birthday, 'yyyy')+1 <![CDATA[>=]]> 20
	</select>
	<select id="member30" resultType="string">
		select count(*) from member 
		where to_char(sysdate, 'yyyy')-to_char(birthday, 'yyyy')+1 <![CDATA[<]]> 40
			and to_char(sysdate, 'yyyy')-to_char(birthday, 'yyyy')+1 <![CDATA[>=]]> 30
	</select>
	<select id="member40" resultType="string">
		select count(*) from member 
		where to_char(sysdate, 'yyyy')-to_char(birthday, 'yyyy')+1 <![CDATA[>=]]> 40
	</select>
	<select id="matchAllCnt" resultType="string">
		select count(*) from match_manager
	</select>
	<select id="matchCnt" resultMap="statisticsMap">
		select C.city_name, count(*) count
		from match_manager M 
    		left join local L on M.local_code = L.local_code
    		left join city C on L.city_code = C.city_code
		group by C.city_name
	</select>
	<select id="clubAllCnt" resultType="string">
		select count(*) from club
	</select>
	<select id="clubCnt" resultMap="statisticsMap">
		select C.city_name, count(*) count
		from club M 
    		left join local L on M.local_code = L.local_code
    		left join city C on L.city_code = C.city_code
		group by C.city_name
	</select>

	<select id="selectCityList" resultType="string">
		select city_name from city
	</select>
	
	<select id="selectReportList" resultType="report">
		select * from report where member_code = #{memberCode}
	</select>
	
	<insert id="insertReport" parameterType="report">
		insert into report values(#{memberCode}, #{reportType}, #{reportedCode}, #{reportedType}, #{reportComment})
	</insert>

<resultMap type="map" id="member">
<result column="member_code" property="memberCode"/>
	<result column="member_id" property="memberId"/>
	<result column="password" property="password"/>
	<result column="member_name" property="memberName"/>
	<result column="birthday" property="birthday"/>	
	<result column="phone" property="phone"/>
	<result column="gender" property="gender"/>
	<result column="profile" property="profile"/>
	<result column="renamed_profile" property="renamedProfile"/>
	<result column="blind_date_open" property="blindDateOpen"/>	
	<result column="friend_open" property="friendOpen"/>
	<result column="search_open" property="searchOpen"/>
	<result column="introduce" property="introduce"/>
	<result column="verify" property="verify"/>
	<result column="enroll_date" property="enrollDate"/>
	
	<!-- <collection property="clubMember" ofType="clubmember" >
			<result column="CLUB_CODE" 	property="clubCode"/>
			<result column="CLUB_MEMBER_CODE" property="clubmemberCode"/>
			<result column="CLUB_MEM_GRADE" property="clubmemGrade"/>
			<result column="CLUB_JOIN_CHECK" property="clubjoinCheck"/>
		</collection>	 -->
	</resultMap>
	
	  <select id="selectAllMembers" resultMap="member">
	  select * from member order by member_code
	 </select>
	 <select id="selectTotalMemberNum" resultType="_int">
	 select count(*) from member
	 </select>
	
	<select id="searchPplList" resultMap = "member">
	select * from member 
	where 1=1
	<if test = "byName != null and byName != ''">
	and member_name like '%'||#{byName}||'%'
	</if>
	<if test="byMid != null and byMid != ''">
	and member_id like '%'||#{byMid}||'%'
	</if>
	<if test="nickname !=null and nickname != ''">
	and nickname like '%'||#{nickname}||'%'
	</if>
	<if test="gender !=null and gender != ''">
	and gender = #{gender}
	</if>
	<if test="ageFrom != null and toAge !=''">
	and to_char(sysdate, 'yyyy')-to_char(birthday, 'yyyy')+1 <![CDATA[<]]> #{toAge}
			and to_char(sysdate, 'yyyy')-to_char(birthday, 'yyyy')+1 <![CDATA[>=]]> #{ageFrom}
	</if>
	order by member_code desc
	</select>
	
	
	 <select id="seeOneMember" resultMap = "member">
		select * 
		from member 
		where member_code = #{memberCode}
	 </select> 
	 <select id="seeClubJoined" resultType='String'>
		select club_name 
		from club C join club_member M on c.club_code = M.club_code 
		where M.club_member_code = #{memberCode}
	 </select>

	<select id="getHottestM" resultType = "_int">
	select B. hotppl
	from (select rownum hottest, A.*
	from(
	select count(*) like_, receive_member_code hotPpl
	from blind_date_like
	group by receive_member_code
	order by like_ desc) A where rownum = 1) B	
	</select>

 	<select id="seeHotPpl" resultMap = "member">
		select * 
		from member 
		where member_code = #{hottestM}
	 </select> 
</mapper>