--------------------------------------------------------
--  파일이 생성됨 - 화요일-7월-30-2019   
--------------------------------------------------------
--------------------------------------------------------
--  DDL for Sequence MEMBER_SEQ
--------------------------------------------------------

   CREATE SEQUENCE  "KHAWESOME"."MEMBER_SEQ"  MINVALUE 1 MAXVALUE 99999999999999 INCREMENT BY 1 START WITH 381 CACHE 20 NOORDER  NOCYCLE ;
--------------------------------------------------------
--  DDL for Sequence QCOMMENT_NO
--------------------------------------------------------

   CREATE SEQUENCE  "KHAWESOME"."QCOMMENT_NO"  MINVALUE 1 MAXVALUE 9999999999999999999999999999 INCREMENT BY 1 START WITH 41 CACHE 20 NOORDER  NOCYCLE ;
--------------------------------------------------------
--  DDL for Sequence SEQ_CITY_CODE
--------------------------------------------------------

   CREATE SEQUENCE  "KHAWESOME"."SEQ_CITY_CODE"  MINVALUE 1 MAXVALUE 9999999999999999999999999999 INCREMENT BY 1 START WITH 81 CACHE 20 NOORDER  NOCYCLE ;
--------------------------------------------------------
--  DDL for Sequence SEQ_CLUB
--------------------------------------------------------

   CREATE SEQUENCE  "KHAWESOME"."SEQ_CLUB"  MINVALUE 1 MAXVALUE 9999999999999999999999999999 INCREMENT BY 1 START WITH 56 NOCACHE  NOORDER  NOCYCLE ;
--------------------------------------------------------
--  DDL for Sequence SEQ_CLUB_CODE
--------------------------------------------------------

   CREATE SEQUENCE  "KHAWESOME"."SEQ_CLUB_CODE"  MINVALUE 1 MAXVALUE 9999999999999999999999999999 INCREMENT BY 1 START WITH 61 CACHE 20 NOORDER  NOCYCLE ;
--------------------------------------------------------
--  DDL for Sequence SEQ_CLUB_COMMENT
--------------------------------------------------------

   CREATE SEQUENCE  "KHAWESOME"."SEQ_CLUB_COMMENT"  MINVALUE 1 MAXVALUE 9999999999999999999999999999 INCREMENT BY 1 START WITH 18 NOCACHE  NOORDER  NOCYCLE ;
--------------------------------------------------------
--  DDL for Sequence SEQ_CLUB_CONTENT
--------------------------------------------------------

   CREATE SEQUENCE  "KHAWESOME"."SEQ_CLUB_CONTENT"  MINVALUE 1 MAXVALUE 9999999999999999999999999999 INCREMENT BY 1 START WITH 45 NOCACHE  NOORDER  NOCYCLE ;
--------------------------------------------------------
--  DDL for Sequence SEQ_CLUB_CONTENT_CODE
--------------------------------------------------------

   CREATE SEQUENCE  "KHAWESOME"."SEQ_CLUB_CONTENT_CODE"  MINVALUE 1 MAXVALUE 9999999999999999999999999999 INCREMENT BY 1 START WITH 101 CACHE 20 NOORDER  NOCYCLE ;
--------------------------------------------------------
--  DDL for Sequence SEQ_CLUB_PHOTO
--------------------------------------------------------

   CREATE SEQUENCE  "KHAWESOME"."SEQ_CLUB_PHOTO"  MINVALUE 1 MAXVALUE 9999999999999999999999999999 INCREMENT BY 1 START WITH 69 NOCACHE  NOORDER  NOCYCLE ;
--------------------------------------------------------
--  DDL for Sequence SEQ_INTERESTING_CODE
--------------------------------------------------------

   CREATE SEQUENCE  "KHAWESOME"."SEQ_INTERESTING_CODE"  MINVALUE 1 MAXVALUE 9999999999999999999999999999 INCREMENT BY 1 START WITH 41 CACHE 20 NOORDER  NOCYCLE ;
--------------------------------------------------------
--  DDL for Sequence SEQ_LOCAL_CODE
--------------------------------------------------------

   CREATE SEQUENCE  "KHAWESOME"."SEQ_LOCAL_CODE"  MINVALUE 1 MAXVALUE 9999999999999999999999999999 INCREMENT BY 1 START WITH 81 CACHE 20 NOORDER  NOCYCLE ;
--------------------------------------------------------
--  DDL for Sequence SEQ_MATCH_NO
--------------------------------------------------------

   CREATE SEQUENCE  "KHAWESOME"."SEQ_MATCH_NO"  MINVALUE 1 MAXVALUE 9999999999999999999999999999 INCREMENT BY 1 START WITH 181 CACHE 20 NOORDER  NOCYCLE ;
--------------------------------------------------------
--  DDL for Sequence SEQ_MEETING_COMMENT_CODE
--------------------------------------------------------

   CREATE SEQUENCE  "KHAWESOME"."SEQ_MEETING_COMMENT_CODE"  MINVALUE 1 MAXVALUE 9999999999999999999999999999 INCREMENT BY 1 START WITH 81 CACHE 20 NOORDER  NOCYCLE ;
--------------------------------------------------------
--  DDL for Sequence SEQ_QUESTION_BOARD
--------------------------------------------------------

   CREATE SEQUENCE  "KHAWESOME"."SEQ_QUESTION_BOARD"  MINVALUE 1 MAXVALUE 9999999999999999999999999999 INCREMENT BY 1 START WITH 221 CACHE 20 NOORDER  NOCYCLE ;
--------------------------------------------------------
--  DDL for Sequence SEQ_SMSAUTH
--------------------------------------------------------

   CREATE SEQUENCE  "KHAWESOME"."SEQ_SMSAUTH"  MINVALUE 1 MAXVALUE 9999999999999999999999999999 INCREMENT BY 1 START WITH 87 NOCACHE  NOORDER  NOCYCLE ;
--------------------------------------------------------
--  DDL for Table ADDRESS
--------------------------------------------------------

  CREATE TABLE "KHAWESOME"."ADDRESS" 
   (	"MEMBER_CODE" NUMBER, 
	"POST_NO" VARCHAR2(30 BYTE), 
	"ADDRESS" VARCHAR2(100 BYTE), 
	"ROAD_ADDRESS" VARCHAR2(100 BYTE), 
	"DETAIL_ADDRESS" VARCHAR2(100 BYTE), 
	"PLACE_LAT" NUMBER, 
	"PLACE_LNG" NUMBER
   ) SEGMENT CREATION IMMEDIATE 
  PCTFREE 10 PCTUSED 40 INITRANS 1 MAXTRANS 255 
 NOCOMPRESS LOGGING
  STORAGE(INITIAL 65536 NEXT 1048576 MINEXTENTS 1 MAXEXTENTS 2147483645
  PCTINCREASE 0 FREELISTS 1 FREELIST GROUPS 1
  BUFFER_POOL DEFAULT FLASH_CACHE DEFAULT CELL_FLASH_CACHE DEFAULT)
  TABLESPACE "USERS" ;

   COMMENT ON COLUMN "KHAWESOME"."ADDRESS"."MEMBER_CODE" IS '회원코드';
   COMMENT ON COLUMN "KHAWESOME"."ADDRESS"."POST_NO" IS '우편번호';
   COMMENT ON COLUMN "KHAWESOME"."ADDRESS"."ADDRESS" IS '지번주소';
   COMMENT ON COLUMN "KHAWESOME"."ADDRESS"."ROAD_ADDRESS" IS '도로명주소';
   COMMENT ON COLUMN "KHAWESOME"."ADDRESS"."DETAIL_ADDRESS" IS '상세주소';
   COMMENT ON COLUMN "KHAWESOME"."ADDRESS"."PLACE_LAT" IS '위도';
   COMMENT ON COLUMN "KHAWESOME"."ADDRESS"."PLACE_LNG" IS '경도';
   COMMENT ON TABLE "KHAWESOME"."ADDRESS"  IS '주소테이블';
--------------------------------------------------------
--  DDL for Table ALARM_LOG
--------------------------------------------------------

  CREATE TABLE "KHAWESOME"."ALARM_LOG" 
   (	"MEMBER_CODE" NUMBER, 
	"RECEIVE_MEMBER_CODE" NUMBER, 
	"STATUS" VARCHAR2(50 BYTE), 
	"ALARM_CONTENT" VARCHAR2(1000 BYTE), 
	"LOG_DATE" DATE DEFAULT sysdate
   ) SEGMENT CREATION IMMEDIATE 
  PCTFREE 10 PCTUSED 40 INITRANS 1 MAXTRANS 255 
 NOCOMPRESS LOGGING
  STORAGE(INITIAL 65536 NEXT 1048576 MINEXTENTS 1 MAXEXTENTS 2147483645
  PCTINCREASE 0 FREELISTS 1 FREELIST GROUPS 1
  BUFFER_POOL DEFAULT FLASH_CACHE DEFAULT CELL_FLASH_CACHE DEFAULT)
  TABLESPACE "USERS" ;

   COMMENT ON COLUMN "KHAWESOME"."ALARM_LOG"."MEMBER_CODE" IS '회원코드';
   COMMENT ON COLUMN "KHAWESOME"."ALARM_LOG"."RECEIVE_MEMBER_CODE" IS '받는회원코드';
   COMMENT ON COLUMN "KHAWESOME"."ALARM_LOG"."STATUS" IS '알람타입';
   COMMENT ON COLUMN "KHAWESOME"."ALARM_LOG"."ALARM_CONTENT" IS '알람내용';
   COMMENT ON COLUMN "KHAWESOME"."ALARM_LOG"."LOG_DATE" IS '알람일자';
   COMMENT ON TABLE "KHAWESOME"."ALARM_LOG"  IS '알람로그테이블';
--------------------------------------------------------
--  DDL for Table BLIND_DATE_LIKE
--------------------------------------------------------

  CREATE TABLE "KHAWESOME"."BLIND_DATE_LIKE" 
   (	"MEMBER_CODE" NUMBER, 
	"RECEIVE_MEMBER_CODE" NUMBER, 
	"LIKE_CHECK" CHAR(1 BYTE) DEFAULT 'N'
   ) SEGMENT CREATION IMMEDIATE 
  PCTFREE 10 PCTUSED 40 INITRANS 1 MAXTRANS 255 
 NOCOMPRESS LOGGING
  STORAGE(INITIAL 65536 NEXT 1048576 MINEXTENTS 1 MAXEXTENTS 2147483645
  PCTINCREASE 0 FREELISTS 1 FREELIST GROUPS 1
  BUFFER_POOL DEFAULT FLASH_CACHE DEFAULT CELL_FLASH_CACHE DEFAULT)
  TABLESPACE "USERS" ;

   COMMENT ON COLUMN "KHAWESOME"."BLIND_DATE_LIKE"."MEMBER_CODE" IS '회원코드';
   COMMENT ON COLUMN "KHAWESOME"."BLIND_DATE_LIKE"."RECEIVE_MEMBER_CODE" IS '대상회원';
   COMMENT ON COLUMN "KHAWESOME"."BLIND_DATE_LIKE"."LIKE_CHECK" IS '호감여부';
   COMMENT ON TABLE "KHAWESOME"."BLIND_DATE_LIKE"  IS '소개팅호감기록테이블';
--------------------------------------------------------
--  DDL for Table CHAT_LOG
--------------------------------------------------------

  CREATE TABLE "KHAWESOME"."CHAT_LOG" 
   (	"MEMBER_CODE" NUMBER, 
	"RECEIVE_MEMBER_CODE" NUMBER, 
	"CHAT_CONTENT" VARCHAR2(1000 BYTE), 
	"LOG_DATE" DATE DEFAULT sysdate, 
	"STATUS" CHAR(1 BYTE)
   ) SEGMENT CREATION DEFERRED 
  PCTFREE 10 PCTUSED 40 INITRANS 1 MAXTRANS 255 
 NOCOMPRESS LOGGING
  TABLESPACE "USERS" ;

   COMMENT ON COLUMN "KHAWESOME"."CHAT_LOG"."MEMBER_CODE" IS '회원코드';
   COMMENT ON COLUMN "KHAWESOME"."CHAT_LOG"."RECEIVE_MEMBER_CODE" IS '받는회원코드';
   COMMENT ON COLUMN "KHAWESOME"."CHAT_LOG"."CHAT_CONTENT" IS '채팅내용';
   COMMENT ON COLUMN "KHAWESOME"."CHAT_LOG"."LOG_DATE" IS '채팅일자';
   COMMENT ON TABLE "KHAWESOME"."CHAT_LOG"  IS '채팅로그테이블';
--------------------------------------------------------
--  DDL for Table CITY
--------------------------------------------------------

  CREATE TABLE "KHAWESOME"."CITY" 
   (	"CITY_CODE" NUMBER, 
	"CITY_NAME" VARCHAR2(50 BYTE)
   ) SEGMENT CREATION IMMEDIATE 
  PCTFREE 10 PCTUSED 40 INITRANS 1 MAXTRANS 255 
 NOCOMPRESS LOGGING
  STORAGE(INITIAL 65536 NEXT 1048576 MINEXTENTS 1 MAXEXTENTS 2147483645
  PCTINCREASE 0 FREELISTS 1 FREELIST GROUPS 1
  BUFFER_POOL DEFAULT FLASH_CACHE DEFAULT CELL_FLASH_CACHE DEFAULT)
  TABLESPACE "USERS" ;

   COMMENT ON COLUMN "KHAWESOME"."CITY"."CITY_CODE" IS '도시코드';
   COMMENT ON COLUMN "KHAWESOME"."CITY"."CITY_NAME" IS '도시이름';
   COMMENT ON TABLE "KHAWESOME"."CITY"  IS '도시테이블';
--------------------------------------------------------
--  DDL for Table CLUB
--------------------------------------------------------

  CREATE TABLE "KHAWESOME"."CLUB" 
   (	"CLUB_CODE" NUMBER, 
	"INTERESTING_CODE" NUMBER, 
	"MEMBER_CODE" NUMBER, 
	"LOCAL_CODE" NUMBER, 
	"CLUB_NAME" VARCHAR2(200 BYTE), 
	"CLUB_SIMPLE_INFO" VARCHAR2(150 BYTE), 
	"CLUB_INFO" VARCHAR2(4000 BYTE), 
	"MAIN_ORIGINAL_FILENAME" VARCHAR2(100 BYTE), 
	"MAIN_RENAMED_FILENAME" VARCHAR2(100 BYTE)
   ) SEGMENT CREATION IMMEDIATE 
  PCTFREE 10 PCTUSED 40 INITRANS 1 MAXTRANS 255 
 NOCOMPRESS LOGGING
  STORAGE(INITIAL 65536 NEXT 1048576 MINEXTENTS 1 MAXEXTENTS 2147483645
  PCTINCREASE 0 FREELISTS 1 FREELIST GROUPS 1
  BUFFER_POOL DEFAULT FLASH_CACHE DEFAULT CELL_FLASH_CACHE DEFAULT)
  TABLESPACE "USERS" ;

   COMMENT ON COLUMN "KHAWESOME"."CLUB"."CLUB_CODE" IS '클럽코드';
   COMMENT ON COLUMN "KHAWESOME"."CLUB"."INTERESTING_CODE" IS '관심분야코드';
   COMMENT ON COLUMN "KHAWESOME"."CLUB"."MEMBER_CODE" IS '회원코드';
   COMMENT ON COLUMN "KHAWESOME"."CLUB"."LOCAL_CODE" IS '지역코드';
   COMMENT ON COLUMN "KHAWESOME"."CLUB"."CLUB_NAME" IS '클럽이름';
   COMMENT ON COLUMN "KHAWESOME"."CLUB"."CLUB_SIMPLE_INFO" IS '클럽간단소개';
   COMMENT ON COLUMN "KHAWESOME"."CLUB"."CLUB_INFO" IS '클럽소개';
   COMMENT ON COLUMN "KHAWESOME"."CLUB"."MAIN_ORIGINAL_FILENAME" IS '클럽메인사진이름';
   COMMENT ON COLUMN "KHAWESOME"."CLUB"."MAIN_RENAMED_FILENAME" IS '클럽메인사진db용이름';
   COMMENT ON TABLE "KHAWESOME"."CLUB"  IS '클럽테이블';
--------------------------------------------------------
--  DDL for Table CLUB_COMMENT
--------------------------------------------------------

  CREATE TABLE "KHAWESOME"."CLUB_COMMENT" 
   (	"MEETING_COMMENT_CODE" NUMBER, 
	"COMMENT_WRITER" NUMBER, 
	"COMMENT_CONTENT" VARCHAR2(1000 BYTE), 
	"COMMENT_DATE" DATE DEFAULT sysdate, 
	"MEETING_CONTENT_CODE" NUMBER
   ) SEGMENT CREATION IMMEDIATE 
  PCTFREE 10 PCTUSED 40 INITRANS 1 MAXTRANS 255 
 NOCOMPRESS LOGGING
  STORAGE(INITIAL 65536 NEXT 1048576 MINEXTENTS 1 MAXEXTENTS 2147483645
  PCTINCREASE 0 FREELISTS 1 FREELIST GROUPS 1
  BUFFER_POOL DEFAULT FLASH_CACHE DEFAULT CELL_FLASH_CACHE DEFAULT)
  TABLESPACE "USERS" ;
--------------------------------------------------------
--  DDL for Table CLUB_CONTENT
--------------------------------------------------------

  CREATE TABLE "KHAWESOME"."CLUB_CONTENT" 
   (	"CLUB_CONTENT_CODE" NUMBER, 
	"CLUB_CODE" NUMBER, 
	"MEMBER_CODE" NUMBER, 
	"CONTENT_TITLE" VARCHAR2(200 BYTE), 
	"CONTENT" VARCHAR2(4000 BYTE), 
	"WRITE_LEVEL" NUMBER DEFAULT 1, 
	"WRITE_DATE" DATE DEFAULT sysdate
   ) SEGMENT CREATION IMMEDIATE 
  PCTFREE 10 PCTUSED 40 INITRANS 1 MAXTRANS 255 
 NOCOMPRESS LOGGING
  STORAGE(INITIAL 65536 NEXT 1048576 MINEXTENTS 1 MAXEXTENTS 2147483645
  PCTINCREASE 0 FREELISTS 1 FREELIST GROUPS 1
  BUFFER_POOL DEFAULT FLASH_CACHE DEFAULT CELL_FLASH_CACHE DEFAULT)
  TABLESPACE "USERS" ;

   COMMENT ON COLUMN "KHAWESOME"."CLUB_CONTENT"."CLUB_CONTENT_CODE" IS '게시글코드';
   COMMENT ON COLUMN "KHAWESOME"."CLUB_CONTENT"."CLUB_CODE" IS '클럽코드';
   COMMENT ON COLUMN "KHAWESOME"."CLUB_CONTENT"."MEMBER_CODE" IS '회원코드';
   COMMENT ON COLUMN "KHAWESOME"."CLUB_CONTENT"."CONTENT_TITLE" IS '게시글제목';
   COMMENT ON COLUMN "KHAWESOME"."CLUB_CONTENT"."CONTENT" IS '내용';
   COMMENT ON COLUMN "KHAWESOME"."CLUB_CONTENT"."WRITE_LEVEL" IS '글레벨';
   COMMENT ON COLUMN "KHAWESOME"."CLUB_CONTENT"."WRITE_DATE" IS '작성일자';
   COMMENT ON TABLE "KHAWESOME"."CLUB_CONTENT"  IS '클럽게시글테이블';
--------------------------------------------------------
--  DDL for Table CLUB_MEMBER
--------------------------------------------------------

  CREATE TABLE "KHAWESOME"."CLUB_MEMBER" 
   (	"CLUB_CODE" NUMBER, 
	"CLUB_MEMBER_CODE" NUMBER, 
	"CLUB_MEM_GRADE" NUMBER, 
	"CLUB_JOIN_CHECK" CHAR(1 BYTE) DEFAULT 'N'
   ) SEGMENT CREATION IMMEDIATE 
  PCTFREE 10 PCTUSED 40 INITRANS 1 MAXTRANS 255 
 NOCOMPRESS LOGGING
  STORAGE(INITIAL 65536 NEXT 1048576 MINEXTENTS 1 MAXEXTENTS 2147483645
  PCTINCREASE 0 FREELISTS 1 FREELIST GROUPS 1
  BUFFER_POOL DEFAULT FLASH_CACHE DEFAULT CELL_FLASH_CACHE DEFAULT)
  TABLESPACE "USERS" ;

   COMMENT ON COLUMN "KHAWESOME"."CLUB_MEMBER"."CLUB_CODE" IS '클럽코드';
   COMMENT ON COLUMN "KHAWESOME"."CLUB_MEMBER"."CLUB_MEMBER_CODE" IS '회원코드';
   COMMENT ON COLUMN "KHAWESOME"."CLUB_MEMBER"."CLUB_MEM_GRADE" IS '회원등급';
   COMMENT ON COLUMN "KHAWESOME"."CLUB_MEMBER"."CLUB_JOIN_CHECK" IS '참여허가';
   COMMENT ON TABLE "KHAWESOME"."CLUB_MEMBER"  IS '클럽회원테이블';
--------------------------------------------------------
--  DDL for Table CLUB_PHOTO
--------------------------------------------------------

  CREATE TABLE "KHAWESOME"."CLUB_PHOTO" 
   (	"CLUB_CONTENT_CODE" NUMBER, 
	"CLUB_CODE" NUMBER, 
	"CLUB_ORIGINAL_FILENAME" VARCHAR2(100 BYTE), 
	"CLUB_RENAMED_FILENAME" VARCHAR2(100 BYTE), 
	"PIC_INFO" VARCHAR2(100 BYTE), 
	"CLUB_PHOTO_NUM" NUMBER
   ) SEGMENT CREATION IMMEDIATE 
  PCTFREE 10 PCTUSED 40 INITRANS 1 MAXTRANS 255 
 NOCOMPRESS LOGGING
  STORAGE(INITIAL 65536 NEXT 1048576 MINEXTENTS 1 MAXEXTENTS 2147483645
  PCTINCREASE 0 FREELISTS 1 FREELIST GROUPS 1
  BUFFER_POOL DEFAULT FLASH_CACHE DEFAULT CELL_FLASH_CACHE DEFAULT)
  TABLESPACE "USERS" ;

   COMMENT ON COLUMN "KHAWESOME"."CLUB_PHOTO"."CLUB_CONTENT_CODE" IS '클럽게시글코드';
   COMMENT ON COLUMN "KHAWESOME"."CLUB_PHOTO"."CLUB_ORIGINAL_FILENAME" IS '사진원본이름';
   COMMENT ON COLUMN "KHAWESOME"."CLUB_PHOTO"."CLUB_RENAMED_FILENAME" IS '사진db용이름';
   COMMENT ON COLUMN "KHAWESOME"."CLUB_PHOTO"."PIC_INFO" IS '사진설명';
   COMMENT ON TABLE "KHAWESOME"."CLUB_PHOTO"  IS '클럽게시글사진';
--------------------------------------------------------
--  DDL for Table DELETE_ADDRESS
--------------------------------------------------------

  CREATE TABLE "KHAWESOME"."DELETE_ADDRESS" 
   (	"MEMBER_CODE" NUMBER, 
	"POST_NO" VARCHAR2(30 BYTE), 
	"ADDRESS" VARCHAR2(100 BYTE), 
	"ROAD_ADDRESS" VARCHAR2(100 BYTE), 
	"DETAIL_ADDRESS" VARCHAR2(100 BYTE), 
	"PLACE_LAT" NUMBER, 
	"PLACE_LNG" NUMBER
   ) SEGMENT CREATION IMMEDIATE 
  PCTFREE 10 PCTUSED 40 INITRANS 1 MAXTRANS 255 
 NOCOMPRESS LOGGING
  STORAGE(INITIAL 65536 NEXT 1048576 MINEXTENTS 1 MAXEXTENTS 2147483645
  PCTINCREASE 0 FREELISTS 1 FREELIST GROUPS 1
  BUFFER_POOL DEFAULT FLASH_CACHE DEFAULT CELL_FLASH_CACHE DEFAULT)
  TABLESPACE "USERS" ;

   COMMENT ON COLUMN "KHAWESOME"."DELETE_ADDRESS"."MEMBER_CODE" IS '회원코드';
   COMMENT ON COLUMN "KHAWESOME"."DELETE_ADDRESS"."POST_NO" IS '우편번호';
   COMMENT ON COLUMN "KHAWESOME"."DELETE_ADDRESS"."ADDRESS" IS '지번주소';
   COMMENT ON COLUMN "KHAWESOME"."DELETE_ADDRESS"."ROAD_ADDRESS" IS '도로명주소';
   COMMENT ON COLUMN "KHAWESOME"."DELETE_ADDRESS"."DETAIL_ADDRESS" IS '상세주소';
   COMMENT ON COLUMN "KHAWESOME"."DELETE_ADDRESS"."PLACE_LAT" IS '위도';
   COMMENT ON COLUMN "KHAWESOME"."DELETE_ADDRESS"."PLACE_LNG" IS '경도';
   COMMENT ON TABLE "KHAWESOME"."DELETE_ADDRESS"  IS '삭제주소테이블';
--------------------------------------------------------
--  DDL for Table FRIEND
--------------------------------------------------------

  CREATE TABLE "KHAWESOME"."FRIEND" 
   (	"MEMBER_CODE" NUMBER, 
	"FRIEND_MEMBER_CODE" NUMBER, 
	"FRIEND_CHECK" CHAR(1 BYTE) DEFAULT 'N'
   ) SEGMENT CREATION IMMEDIATE 
  PCTFREE 10 PCTUSED 40 INITRANS 1 MAXTRANS 255 
 NOCOMPRESS LOGGING
  STORAGE(INITIAL 65536 NEXT 1048576 MINEXTENTS 1 MAXEXTENTS 2147483645
  PCTINCREASE 0 FREELISTS 1 FREELIST GROUPS 1
  BUFFER_POOL DEFAULT FLASH_CACHE DEFAULT CELL_FLASH_CACHE DEFAULT)
  TABLESPACE "USERS" ;

   COMMENT ON COLUMN "KHAWESOME"."FRIEND"."MEMBER_CODE" IS '회원코드';
   COMMENT ON COLUMN "KHAWESOME"."FRIEND"."FRIEND_MEMBER_CODE" IS '신청받은회원';
   COMMENT ON COLUMN "KHAWESOME"."FRIEND"."FRIEND_CHECK" IS '수락여부';
   COMMENT ON TABLE "KHAWESOME"."FRIEND"  IS '친구목록테이블';
--------------------------------------------------------
--  DDL for Table INFO_CHECK
--------------------------------------------------------

  CREATE TABLE "KHAWESOME"."INFO_CHECK" 
   (	"MEMBER_CODE" NUMBER, 
	"CHECKING_MEMBER_CODE" NUMBER, 
	"CHECK_DATE" DATE DEFAULT sysdate
   ) SEGMENT CREATION DEFERRED 
  PCTFREE 10 PCTUSED 40 INITRANS 1 MAXTRANS 255 
 NOCOMPRESS LOGGING
  TABLESPACE "USERS" ;

   COMMENT ON COLUMN "KHAWESOME"."INFO_CHECK"."MEMBER_CODE" IS '회원코드';
   COMMENT ON COLUMN "KHAWESOME"."INFO_CHECK"."CHECKING_MEMBER_CODE" IS '대상회원';
   COMMENT ON COLUMN "KHAWESOME"."INFO_CHECK"."CHECK_DATE" IS '확인날짜';
   COMMENT ON TABLE "KHAWESOME"."INFO_CHECK"  IS '회원정보확인여부테이블';
--------------------------------------------------------
--  DDL for Table INTERESTING
--------------------------------------------------------

  CREATE TABLE "KHAWESOME"."INTERESTING" 
   (	"INTERESTING_CODE" NUMBER, 
	"INTERESTING_NAME" VARCHAR2(100 BYTE)
   ) SEGMENT CREATION IMMEDIATE 
  PCTFREE 10 PCTUSED 40 INITRANS 1 MAXTRANS 255 
 NOCOMPRESS LOGGING
  STORAGE(INITIAL 65536 NEXT 1048576 MINEXTENTS 1 MAXEXTENTS 2147483645
  PCTINCREASE 0 FREELISTS 1 FREELIST GROUPS 1
  BUFFER_POOL DEFAULT FLASH_CACHE DEFAULT CELL_FLASH_CACHE DEFAULT)
  TABLESPACE "USERS" ;

   COMMENT ON COLUMN "KHAWESOME"."INTERESTING"."INTERESTING_CODE" IS '관심분야코드';
   COMMENT ON COLUMN "KHAWESOME"."INTERESTING"."INTERESTING_NAME" IS '관심분야이름';
   COMMENT ON TABLE "KHAWESOME"."INTERESTING"  IS '관심분야목록테이블';
--------------------------------------------------------
--  DDL for Table LOCAL
--------------------------------------------------------

  CREATE TABLE "KHAWESOME"."LOCAL" 
   (	"LOCAL_CODE" NUMBER, 
	"CITY_CODE" NUMBER, 
	"LOCAL_NAME" VARCHAR2(50 BYTE)
   ) SEGMENT CREATION IMMEDIATE 
  PCTFREE 10 PCTUSED 40 INITRANS 1 MAXTRANS 255 
 NOCOMPRESS LOGGING
  STORAGE(INITIAL 65536 NEXT 1048576 MINEXTENTS 1 MAXEXTENTS 2147483645
  PCTINCREASE 0 FREELISTS 1 FREELIST GROUPS 1
  BUFFER_POOL DEFAULT FLASH_CACHE DEFAULT CELL_FLASH_CACHE DEFAULT)
  TABLESPACE "USERS" ;

   COMMENT ON COLUMN "KHAWESOME"."LOCAL"."LOCAL_CODE" IS '지역코드';
   COMMENT ON COLUMN "KHAWESOME"."LOCAL"."CITY_CODE" IS '도시코드';
   COMMENT ON COLUMN "KHAWESOME"."LOCAL"."LOCAL_NAME" IS '지역이름';
   COMMENT ON TABLE "KHAWESOME"."LOCAL"  IS '지역구테이블';
--------------------------------------------------------
--  DDL for Table MATCHING_JOIN_MEMBER
--------------------------------------------------------

  CREATE TABLE "KHAWESOME"."MATCHING_JOIN_MEMBER" 
   (	"MATCH_NO" NUMBER, 
	"MEMBER_CODE" NUMBER, 
	"JOIN_CHECK" CHAR(1 BYTE) DEFAULT 'Y', 
	"PERMIT_CHECK" CHAR(1 BYTE) DEFAULT 'N'
   ) SEGMENT CREATION IMMEDIATE 
  PCTFREE 10 PCTUSED 40 INITRANS 1 MAXTRANS 255 
 NOCOMPRESS LOGGING
  STORAGE(INITIAL 65536 NEXT 1048576 MINEXTENTS 1 MAXEXTENTS 2147483645
  PCTINCREASE 0 FREELISTS 1 FREELIST GROUPS 1
  BUFFER_POOL DEFAULT FLASH_CACHE DEFAULT CELL_FLASH_CACHE DEFAULT)
  TABLESPACE "USERS" ;

   COMMENT ON COLUMN "KHAWESOME"."MATCHING_JOIN_MEMBER"."MATCH_NO" IS '매칭번호';
   COMMENT ON COLUMN "KHAWESOME"."MATCHING_JOIN_MEMBER"."MEMBER_CODE" IS '회원코드';
   COMMENT ON COLUMN "KHAWESOME"."MATCHING_JOIN_MEMBER"."JOIN_CHECK" IS '참가여부';
   COMMENT ON COLUMN "KHAWESOME"."MATCHING_JOIN_MEMBER"."PERMIT_CHECK" IS '참여허가';
   COMMENT ON TABLE "KHAWESOME"."MATCHING_JOIN_MEMBER"  IS '매칭참여회원테이블';
--------------------------------------------------------
--  DDL for Table MATCH_MANAGER
--------------------------------------------------------

  CREATE TABLE "KHAWESOME"."MATCH_MANAGER" 
   (	"MATCH_NO" NUMBER, 
	"MATCH_TITLE" VARCHAR2(1000 BYTE), 
	"MEMBER_CODE" NUMBER, 
	"INTERESTING_CODE" NUMBER, 
	"LOCAL_CODE" NUMBER, 
	"PLACE_NAME" VARCHAR2(100 BYTE), 
	"PLACE_LAT" NUMBER, 
	"PLACE_LNG" NUMBER, 
	"MATCHING_TYPE" CHAR(1 BYTE), 
	"MATCH_CONTENT" LONG, 
	"MATCH_ORIGINAL_IMG" VARCHAR2(100 BYTE), 
	"MATCH_RENAMED_IMG" VARCHAR2(100 BYTE), 
	"MATCH_WRITE_DATE" DATE DEFAULT sysdate, 
	"MATCH_END_DATE" DATE
   ) SEGMENT CREATION IMMEDIATE 
  PCTFREE 10 PCTUSED 40 INITRANS 1 MAXTRANS 255 
 NOCOMPRESS LOGGING
  STORAGE(INITIAL 65536 NEXT 1048576 MINEXTENTS 1 MAXEXTENTS 2147483645
  PCTINCREASE 0 FREELISTS 1 FREELIST GROUPS 1
  BUFFER_POOL DEFAULT FLASH_CACHE DEFAULT CELL_FLASH_CACHE DEFAULT)
  TABLESPACE "USERS" ;

   COMMENT ON COLUMN "KHAWESOME"."MATCH_MANAGER"."MATCH_NO" IS '매칭번호';
   COMMENT ON COLUMN "KHAWESOME"."MATCH_MANAGER"."MATCH_TITLE" IS '매칭제목';
   COMMENT ON COLUMN "KHAWESOME"."MATCH_MANAGER"."MEMBER_CODE" IS '회원코드';
   COMMENT ON COLUMN "KHAWESOME"."MATCH_MANAGER"."INTERESTING_CODE" IS '관심코드';
   COMMENT ON COLUMN "KHAWESOME"."MATCH_MANAGER"."LOCAL_CODE" IS '지역코드';
   COMMENT ON COLUMN "KHAWESOME"."MATCH_MANAGER"."PLACE_NAME" IS '장소이름';
   COMMENT ON COLUMN "KHAWESOME"."MATCH_MANAGER"."PLACE_LAT" IS '위도';
   COMMENT ON COLUMN "KHAWESOME"."MATCH_MANAGER"."PLACE_LNG" IS '경도';
   COMMENT ON COLUMN "KHAWESOME"."MATCH_MANAGER"."MATCHING_TYPE" IS '매칭분류';
   COMMENT ON COLUMN "KHAWESOME"."MATCH_MANAGER"."MATCH_CONTENT" IS '매칭내용';
   COMMENT ON COLUMN "KHAWESOME"."MATCH_MANAGER"."MATCH_ORIGINAL_IMG" IS '이미지파일명';
   COMMENT ON COLUMN "KHAWESOME"."MATCH_MANAGER"."MATCH_RENAMED_IMG" IS 'DB이미지파일명';
   COMMENT ON COLUMN "KHAWESOME"."MATCH_MANAGER"."MATCH_WRITE_DATE" IS '작성일';
   COMMENT ON COLUMN "KHAWESOME"."MATCH_MANAGER"."MATCH_END_DATE" IS '매칭종료시각';
   COMMENT ON TABLE "KHAWESOME"."MATCH_MANAGER"  IS '매칭관리테이블';
--------------------------------------------------------
--  DDL for Table MEMBER
--------------------------------------------------------

  CREATE TABLE "KHAWESOME"."MEMBER" 
   (	"MEMBER_CODE" NUMBER, 
	"MEMBER_ID" VARCHAR2(100 BYTE), 
	"NICKNAME" VARCHAR2(100 BYTE), 
	"PASSWORD" VARCHAR2(500 BYTE), 
	"MEMBER_NAME" VARCHAR2(50 BYTE), 
	"BIRTHDAY" DATE, 
	"PHONE" VARCHAR2(30 BYTE), 
	"GENDER" CHAR(1 BYTE), 
	"PROFILE" VARCHAR2(1000 BYTE), 
	"RENAMED_PROFILE" VARCHAR2(1000 BYTE), 
	"BLIND_DATE_OPEN" CHAR(1 BYTE) DEFAULT 'Y', 
	"FRIEND_OPEN" CHAR(1 BYTE) DEFAULT 'Y', 
	"SEARCH_OPEN" CHAR(1 BYTE) DEFAULT 'Y', 
	"INTRODUCE" VARCHAR2(4000 BYTE), 
	"VERIFY" CHAR(1 BYTE) DEFAULT 'M', 
	"ENROLL_DATE" DATE DEFAULT sysdate
   ) SEGMENT CREATION IMMEDIATE 
  PCTFREE 10 PCTUSED 40 INITRANS 1 MAXTRANS 255 
 NOCOMPRESS LOGGING
  STORAGE(INITIAL 65536 NEXT 1048576 MINEXTENTS 1 MAXEXTENTS 2147483645
  PCTINCREASE 0 FREELISTS 1 FREELIST GROUPS 1
  BUFFER_POOL DEFAULT FLASH_CACHE DEFAULT CELL_FLASH_CACHE DEFAULT)
  TABLESPACE "USERS" ;
--------------------------------------------------------
--  DDL for Table MEMBER_INTERESTING
--------------------------------------------------------

  CREATE TABLE "KHAWESOME"."MEMBER_INTERESTING" 
   (	"MEMBER_CODE" NUMBER, 
	"INTERESTING_CODE" VARCHAR2(100 BYTE)
   ) SEGMENT CREATION IMMEDIATE 
  PCTFREE 10 PCTUSED 40 INITRANS 1 MAXTRANS 255 
 NOCOMPRESS LOGGING
  STORAGE(INITIAL 65536 NEXT 1048576 MINEXTENTS 1 MAXEXTENTS 2147483645
  PCTINCREASE 0 FREELISTS 1 FREELIST GROUPS 1
  BUFFER_POOL DEFAULT FLASH_CACHE DEFAULT CELL_FLASH_CACHE DEFAULT)
  TABLESPACE "USERS" ;

   COMMENT ON COLUMN "KHAWESOME"."MEMBER_INTERESTING"."MEMBER_CODE" IS '회원코드';
   COMMENT ON COLUMN "KHAWESOME"."MEMBER_INTERESTING"."INTERESTING_CODE" IS '관심분야코드';
   COMMENT ON TABLE "KHAWESOME"."MEMBER_INTERESTING"  IS '회원관심분야테이블';
--------------------------------------------------------
--  DDL for Table NOTICE
--------------------------------------------------------

  CREATE TABLE "KHAWESOME"."NOTICE" 
   (	"NOTICE_NO" NUMBER, 
	"NOTICE_TITLE" VARCHAR2(100 BYTE), 
	"NOTICE_CONTENT" LONG, 
	"NOTICE_DATE" DATE DEFAULT sysdate
   ) SEGMENT CREATION DEFERRED 
  PCTFREE 10 PCTUSED 40 INITRANS 1 MAXTRANS 255 
 NOCOMPRESS LOGGING
  TABLESPACE "USERS" ;

   COMMENT ON COLUMN "KHAWESOME"."NOTICE"."NOTICE_NO" IS '공지사항번호';
   COMMENT ON COLUMN "KHAWESOME"."NOTICE"."NOTICE_TITLE" IS '공지사항제목';
   COMMENT ON COLUMN "KHAWESOME"."NOTICE"."NOTICE_CONTENT" IS '공지사항내용';
   COMMENT ON COLUMN "KHAWESOME"."NOTICE"."NOTICE_DATE" IS '작성날짜';
   COMMENT ON TABLE "KHAWESOME"."NOTICE"  IS '공지사항테이블';
--------------------------------------------------------
--  DDL for Table QUESTION_BOARD
--------------------------------------------------------

  CREATE TABLE "KHAWESOME"."QUESTION_BOARD" 
   (	"QUESTION_NO" NUMBER, 
	"MEMBER_CODE" NUMBER, 
	"QUESTION_TITLE" VARCHAR2(200 BYTE), 
	"QUESTION_CONTENT" LONG, 
	"QUESTION_ORIGINAL_FILENAME" VARCHAR2(100 BYTE), 
	"QUESTION_RENAMED_FILENAME" VARCHAR2(100 BYTE), 
	"QUESTION_DATE" DATE DEFAULT sysdate, 
	"QUESTION_OPEN" CHAR(1 BYTE) DEFAULT 'Y'
   ) SEGMENT CREATION IMMEDIATE 
  PCTFREE 10 PCTUSED 40 INITRANS 1 MAXTRANS 255 
 NOCOMPRESS LOGGING
  STORAGE(INITIAL 65536 NEXT 1048576 MINEXTENTS 1 MAXEXTENTS 2147483645
  PCTINCREASE 0 FREELISTS 1 FREELIST GROUPS 1
  BUFFER_POOL DEFAULT FLASH_CACHE DEFAULT CELL_FLASH_CACHE DEFAULT)
  TABLESPACE "USERS" ;

   COMMENT ON COLUMN "KHAWESOME"."QUESTION_BOARD"."QUESTION_NO" IS '문의번호';
   COMMENT ON COLUMN "KHAWESOME"."QUESTION_BOARD"."MEMBER_CODE" IS '회원코드';
   COMMENT ON COLUMN "KHAWESOME"."QUESTION_BOARD"."QUESTION_TITLE" IS '문의제목';
   COMMENT ON COLUMN "KHAWESOME"."QUESTION_BOARD"."QUESTION_CONTENT" IS '문의내용';
   COMMENT ON COLUMN "KHAWESOME"."QUESTION_BOARD"."QUESTION_ORIGINAL_FILENAME" IS '첨부파일명';
   COMMENT ON COLUMN "KHAWESOME"."QUESTION_BOARD"."QUESTION_RENAMED_FILENAME" IS 'DB첨부파일명';
   COMMENT ON COLUMN "KHAWESOME"."QUESTION_BOARD"."QUESTION_DATE" IS '문의날짜';
   COMMENT ON COLUMN "KHAWESOME"."QUESTION_BOARD"."QUESTION_OPEN" IS '공개여부';
   COMMENT ON TABLE "KHAWESOME"."QUESTION_BOARD"  IS '문의게시판테이블';
--------------------------------------------------------
--  DDL for Table QUESTION_COMMENT
--------------------------------------------------------

  CREATE TABLE "KHAWESOME"."QUESTION_COMMENT" 
   (	"QUESTION_COMMENT_NO" NUMBER, 
	"QUESTION_NO" NUMBER, 
	"QUESTION_COMMENT_CONTENT" LONG, 
	"QUESTION_COMMENT_DATE" DATE DEFAULT sysdate
   ) SEGMENT CREATION IMMEDIATE 
  PCTFREE 10 PCTUSED 40 INITRANS 1 MAXTRANS 255 
 NOCOMPRESS LOGGING
  STORAGE(INITIAL 65536 NEXT 1048576 MINEXTENTS 1 MAXEXTENTS 2147483645
  PCTINCREASE 0 FREELISTS 1 FREELIST GROUPS 1
  BUFFER_POOL DEFAULT FLASH_CACHE DEFAULT CELL_FLASH_CACHE DEFAULT)
  TABLESPACE "USERS" ;

   COMMENT ON COLUMN "KHAWESOME"."QUESTION_COMMENT"."QUESTION_COMMENT_NO" IS '답변번호';
   COMMENT ON COLUMN "KHAWESOME"."QUESTION_COMMENT"."QUESTION_NO" IS '문의번호';
   COMMENT ON COLUMN "KHAWESOME"."QUESTION_COMMENT"."QUESTION_COMMENT_CONTENT" IS '답변내용';
   COMMENT ON COLUMN "KHAWESOME"."QUESTION_COMMENT"."QUESTION_COMMENT_DATE" IS '답변날짜';
   COMMENT ON TABLE "KHAWESOME"."QUESTION_COMMENT"  IS '문의답변테이블';
--------------------------------------------------------
--  DDL for Table REPORT
--------------------------------------------------------

  CREATE TABLE "KHAWESOME"."REPORT" 
   (	"MEMBER_CODE" NUMBER, 
	"REPORT_TYPE" VARCHAR2(100 BYTE), 
	"REPORTED_CODE" NUMBER, 
	"REPORTED_TYPE" VARCHAR2(50 BYTE)
   ) SEGMENT CREATION DEFERRED 
  PCTFREE 10 PCTUSED 40 INITRANS 1 MAXTRANS 255 
 NOCOMPRESS LOGGING
  TABLESPACE "USERS" ;

   COMMENT ON COLUMN "KHAWESOME"."REPORT"."MEMBER_CODE" IS '회원코드';
   COMMENT ON COLUMN "KHAWESOME"."REPORT"."REPORT_TYPE" IS '신고타입';
   COMMENT ON COLUMN "KHAWESOME"."REPORT"."REPORTED_CODE" IS '신고대상코드';
   COMMENT ON COLUMN "KHAWESOME"."REPORT"."REPORTED_TYPE" IS '신고대상분류';
   COMMENT ON TABLE "KHAWESOME"."REPORT"  IS '신고테이블';
--------------------------------------------------------
--  DDL for Table SCHOOL
--------------------------------------------------------

  CREATE TABLE "KHAWESOME"."SCHOOL" 
   (	"MEMBER_CODE" NUMBER, 
	"SCHOOL_CODE" VARCHAR2(50 BYTE), 
	"SCHOOL_NAME" VARCHAR2(50 BYTE), 
	"SCHOOL_ADDRESS" VARCHAR2(500 BYTE)
   ) SEGMENT CREATION IMMEDIATE 
  PCTFREE 10 PCTUSED 40 INITRANS 1 MAXTRANS 255 
 NOCOMPRESS LOGGING
  STORAGE(INITIAL 65536 NEXT 1048576 MINEXTENTS 1 MAXEXTENTS 2147483645
  PCTINCREASE 0 FREELISTS 1 FREELIST GROUPS 1
  BUFFER_POOL DEFAULT FLASH_CACHE DEFAULT CELL_FLASH_CACHE DEFAULT)
  TABLESPACE "USERS" ;

   COMMENT ON COLUMN "KHAWESOME"."SCHOOL"."SCHOOL_CODE" IS '학교코드';
   COMMENT ON COLUMN "KHAWESOME"."SCHOOL"."SCHOOL_NAME" IS '학교이름';
   COMMENT ON COLUMN "KHAWESOME"."SCHOOL"."SCHOOL_ADDRESS" IS '학교주소';
   COMMENT ON TABLE "KHAWESOME"."SCHOOL"  IS '학교테이블';
--------------------------------------------------------
--  DDL for Table SCHOOL_CLUB
--------------------------------------------------------

  CREATE TABLE "KHAWESOME"."SCHOOL_CLUB" 
   (	"CLUB_CODE" NUMBER, 
	"MEMBER_CODE" NUMBER, 
	"CLUB_NAME" VARCHAR2(200 BYTE), 
	"CLUB_SIMPLE_INFO" VARCHAR2(150 BYTE), 
	"CLUB_INFO" VARCHAR2(4000 BYTE), 
	"MAIN_ORIGINAL_FILENAME" VARCHAR2(100 BYTE), 
	"MAIN_RENAMED_FILENAME" VARCHAR2(100 BYTE), 
	"SCHOOL_CODE" VARCHAR2(50 BYTE), 
	"SCHOOL_NAME" VARCHAR2(50 BYTE), 
	"SCHOOL_ADDRESS" VARCHAR2(50 BYTE)
   ) SEGMENT CREATION IMMEDIATE 
  PCTFREE 10 PCTUSED 40 INITRANS 1 MAXTRANS 255 
 NOCOMPRESS LOGGING
  STORAGE(INITIAL 65536 NEXT 1048576 MINEXTENTS 1 MAXEXTENTS 2147483645
  PCTINCREASE 0 FREELISTS 1 FREELIST GROUPS 1
  BUFFER_POOL DEFAULT FLASH_CACHE DEFAULT CELL_FLASH_CACHE DEFAULT)
  TABLESPACE "USERS" ;
--------------------------------------------------------
--  DDL for Table SECESSION_MEMBER
--------------------------------------------------------

  CREATE TABLE "KHAWESOME"."SECESSION_MEMBER" 
   (	"MEMBER_CODE" NUMBER, 
	"MEMBER_ID" VARCHAR2(100 BYTE), 
	"NICKNAME" VARCHAR2(100 BYTE), 
	"PASSWORD" VARCHAR2(500 BYTE), 
	"MEMBER_NAME" VARCHAR2(50 BYTE), 
	"BIRTHDAY" DATE, 
	"PHONE" VARCHAR2(30 BYTE), 
	"GENDER" CHAR(1 BYTE), 
	"PROFILE" VARCHAR2(1000 BYTE), 
	"RENAMED_PROFILE" VARCHAR2(1000 BYTE), 
	"BLIND_DATE_OPEN" CHAR(1 BYTE) DEFAULT 'Y', 
	"FRIEND_OPEN" CHAR(1 BYTE) DEFAULT 'Y', 
	"SEARCH_OPEN" CHAR(1 BYTE) DEFAULT 'Y', 
	"INTRODUCE" VARCHAR2(4000 BYTE), 
	"VERIFY" CHAR(1 BYTE) DEFAULT 'M', 
	"ENROLL_DATE" DATE DEFAULT sysdate, 
	"REASON" VARCHAR2(2000 BYTE)
   ) SEGMENT CREATION IMMEDIATE 
  PCTFREE 10 PCTUSED 40 INITRANS 1 MAXTRANS 255 
 NOCOMPRESS LOGGING
  STORAGE(INITIAL 65536 NEXT 1048576 MINEXTENTS 1 MAXEXTENTS 2147483645
  PCTINCREASE 0 FREELISTS 1 FREELIST GROUPS 1
  BUFFER_POOL DEFAULT FLASH_CACHE DEFAULT CELL_FLASH_CACHE DEFAULT)
  TABLESPACE "USERS" ;

   COMMENT ON COLUMN "KHAWESOME"."SECESSION_MEMBER"."MEMBER_CODE" IS '회원코드';
   COMMENT ON COLUMN "KHAWESOME"."SECESSION_MEMBER"."MEMBER_ID" IS '아이디';
   COMMENT ON COLUMN "KHAWESOME"."SECESSION_MEMBER"."PASSWORD" IS '비밀번호';
   COMMENT ON COLUMN "KHAWESOME"."SECESSION_MEMBER"."MEMBER_NAME" IS '이름';
   COMMENT ON COLUMN "KHAWESOME"."SECESSION_MEMBER"."PHONE" IS '전화번호';
   COMMENT ON COLUMN "KHAWESOME"."SECESSION_MEMBER"."GENDER" IS '성별';
   COMMENT ON COLUMN "KHAWESOME"."SECESSION_MEMBER"."PROFILE" IS '프로필사진';
   COMMENT ON COLUMN "KHAWESOME"."SECESSION_MEMBER"."RENAMED_PROFILE" IS 'DB프로필사진이름';
   COMMENT ON COLUMN "KHAWESOME"."SECESSION_MEMBER"."BLIND_DATE_OPEN" IS '소개팅공개여부';
   COMMENT ON COLUMN "KHAWESOME"."SECESSION_MEMBER"."FRIEND_OPEN" IS '친구공개여부';
   COMMENT ON COLUMN "KHAWESOME"."SECESSION_MEMBER"."SEARCH_OPEN" IS '검색공개여무';
   COMMENT ON COLUMN "KHAWESOME"."SECESSION_MEMBER"."INTRODUCE" IS '자기소개';
   COMMENT ON COLUMN "KHAWESOME"."SECESSION_MEMBER"."VERIFY" IS '회원분류';
   COMMENT ON COLUMN "KHAWESOME"."SECESSION_MEMBER"."ENROLL_DATE" IS '가입일';
   COMMENT ON COLUMN "KHAWESOME"."SECESSION_MEMBER"."REASON" IS '탈퇴 사유';
   COMMENT ON TABLE "KHAWESOME"."SECESSION_MEMBER"  IS '탈퇴회원테이블';
--------------------------------------------------------
--  DDL for Table SMSAUTH
--------------------------------------------------------

  CREATE TABLE "KHAWESOME"."SMSAUTH" 
   (	"SMSAUTH_NO" NUMBER, 
	"SMSAUTH_JSESSIONID" VARCHAR2(100 BYTE), 
	"SMSAUTH_SMS" VARCHAR2(4 BYTE)
   ) SEGMENT CREATION IMMEDIATE 
  PCTFREE 10 PCTUSED 40 INITRANS 1 MAXTRANS 255 
 NOCOMPRESS LOGGING
  STORAGE(INITIAL 65536 NEXT 1048576 MINEXTENTS 1 MAXEXTENTS 2147483645
  PCTINCREASE 0 FREELISTS 1 FREELIST GROUPS 1
  BUFFER_POOL DEFAULT FLASH_CACHE DEFAULT CELL_FLASH_CACHE DEFAULT)
  TABLESPACE "USERS" ;
--------------------------------------------------------
--  DDL for Table USERTABLE
--------------------------------------------------------

  CREATE TABLE "KHAWESOME"."USERTABLE" 
   (	"SESSIONKEY" VARCHAR2(50 BYTE), 
	"MEMBER_ID" VARCHAR2(100 BYTE), 
	"SESSIONLIMIT" TIMESTAMP (6)
   ) SEGMENT CREATION IMMEDIATE 
  PCTFREE 10 PCTUSED 40 INITRANS 1 MAXTRANS 255 
 NOCOMPRESS LOGGING
  STORAGE(INITIAL 65536 NEXT 1048576 MINEXTENTS 1 MAXEXTENTS 2147483645
  PCTINCREASE 0 FREELISTS 1 FREELIST GROUPS 1
  BUFFER_POOL DEFAULT FLASH_CACHE DEFAULT CELL_FLASH_CACHE DEFAULT)
  TABLESPACE "USERS" ;
REM INSERTING into KHAWESOME.ADDRESS
SET DEFINE OFF;
Insert into KHAWESOME.ADDRESS (MEMBER_CODE,POST_NO,ADDRESS,ROAD_ADDRESS,DETAIL_ADDRESS,PLACE_LAT,PLACE_LNG) values (1,'12345','경기도 안양시 만안구 안양동 389-18','경기도 안양시 만안구 현충로28번길 25','장미아파트 1102동 102호',126.9271878,37.3928392);
Insert into KHAWESOME.ADDRESS (MEMBER_CODE,POST_NO,ADDRESS,ROAD_ADDRESS,DETAIL_ADDRESS,PLACE_LAT,PLACE_LNG) values (291,'12345','경기도 안양시 만안구 안양동 617-23','경기도 안양시 만안구 현충로66번길 25','대우빌라 203동 202호',126.9232369,37.3910347);
Insert into KHAWESOME.ADDRESS (MEMBER_CODE,POST_NO,ADDRESS,ROAD_ADDRESS,DETAIL_ADDRESS,PLACE_LAT,PLACE_LNG) values (362,'16875','경기도 용인시 수지구 죽전동 1165 새터마을죽전힐스테이트','경기도 용인시 수지구 현암로125번길 11','dd',127.1209373,37.3330944);
Insert into KHAWESOME.ADDRESS (MEMBER_CODE,POST_NO,ADDRESS,ROAD_ADDRESS,DETAIL_ADDRESS,PLACE_LAT,PLACE_LNG) values (306,'8813','서울특별시 관악구 신림동 1536-14','서울특별시 관악구 호암로22길 55','202호',126.9358797,37.4687822);
Insert into KHAWESOME.ADDRESS (MEMBER_CODE,POST_NO,ADDRESS,ROAD_ADDRESS,DETAIL_ADDRESS,PLACE_LAT,PLACE_LNG) values (343,'16875','경기도 용인시 수지구 죽전동 1165 새터마을죽전힐스테이트','경기도 용인시 수지구 현암로125번길 11','718',127.1209373,37.3330944);
Insert into KHAWESOME.ADDRESS (MEMBER_CODE,POST_NO,ADDRESS,ROAD_ADDRESS,DETAIL_ADDRESS,PLACE_LAT,PLACE_LNG) values (361,'6729','서울특별시 서초구 서초동 1357-66 강남 MAIN TOWER','서울특별시 서초구 강남대로 275','1234',127.0320097,37.4879001);
REM INSERTING into KHAWESOME.ALARM_LOG
SET DEFINE OFF;
REM INSERTING into KHAWESOME.BLIND_DATE_LIKE
SET DEFINE OFF;
Insert into KHAWESOME.BLIND_DATE_LIKE (MEMBER_CODE,RECEIVE_MEMBER_CODE,LIKE_CHECK) values (null,2,'N');
Insert into KHAWESOME.BLIND_DATE_LIKE (MEMBER_CODE,RECEIVE_MEMBER_CODE,LIKE_CHECK) values (null,2,'Y');
Insert into KHAWESOME.BLIND_DATE_LIKE (MEMBER_CODE,RECEIVE_MEMBER_CODE,LIKE_CHECK) values (null,2,'Y');
Insert into KHAWESOME.BLIND_DATE_LIKE (MEMBER_CODE,RECEIVE_MEMBER_CODE,LIKE_CHECK) values (null,2,'Y');
Insert into KHAWESOME.BLIND_DATE_LIKE (MEMBER_CODE,RECEIVE_MEMBER_CODE,LIKE_CHECK) values (null,null,'N');
Insert into KHAWESOME.BLIND_DATE_LIKE (MEMBER_CODE,RECEIVE_MEMBER_CODE,LIKE_CHECK) values (null,null,'Y');
Insert into KHAWESOME.BLIND_DATE_LIKE (MEMBER_CODE,RECEIVE_MEMBER_CODE,LIKE_CHECK) values (null,null,'Y');
Insert into KHAWESOME.BLIND_DATE_LIKE (MEMBER_CODE,RECEIVE_MEMBER_CODE,LIKE_CHECK) values (null,null,'Y');
Insert into KHAWESOME.BLIND_DATE_LIKE (MEMBER_CODE,RECEIVE_MEMBER_CODE,LIKE_CHECK) values (null,null,'N');
Insert into KHAWESOME.BLIND_DATE_LIKE (MEMBER_CODE,RECEIVE_MEMBER_CODE,LIKE_CHECK) values (null,null,'Y');
Insert into KHAWESOME.BLIND_DATE_LIKE (MEMBER_CODE,RECEIVE_MEMBER_CODE,LIKE_CHECK) values (null,2,'Y');
Insert into KHAWESOME.BLIND_DATE_LIKE (MEMBER_CODE,RECEIVE_MEMBER_CODE,LIKE_CHECK) values (null,2,'Y');
Insert into KHAWESOME.BLIND_DATE_LIKE (MEMBER_CODE,RECEIVE_MEMBER_CODE,LIKE_CHECK) values (null,2,'Y');
Insert into KHAWESOME.BLIND_DATE_LIKE (MEMBER_CODE,RECEIVE_MEMBER_CODE,LIKE_CHECK) values (null,2,'Y');
Insert into KHAWESOME.BLIND_DATE_LIKE (MEMBER_CODE,RECEIVE_MEMBER_CODE,LIKE_CHECK) values (null,2,'Y');
Insert into KHAWESOME.BLIND_DATE_LIKE (MEMBER_CODE,RECEIVE_MEMBER_CODE,LIKE_CHECK) values (null,2,'Y');
Insert into KHAWESOME.BLIND_DATE_LIKE (MEMBER_CODE,RECEIVE_MEMBER_CODE,LIKE_CHECK) values (null,2,'Y');
Insert into KHAWESOME.BLIND_DATE_LIKE (MEMBER_CODE,RECEIVE_MEMBER_CODE,LIKE_CHECK) values (null,2,'Y');
Insert into KHAWESOME.BLIND_DATE_LIKE (MEMBER_CODE,RECEIVE_MEMBER_CODE,LIKE_CHECK) values (null,2,'Y');
Insert into KHAWESOME.BLIND_DATE_LIKE (MEMBER_CODE,RECEIVE_MEMBER_CODE,LIKE_CHECK) values (null,2,'Y');
Insert into KHAWESOME.BLIND_DATE_LIKE (MEMBER_CODE,RECEIVE_MEMBER_CODE,LIKE_CHECK) values (null,2,'Y');
Insert into KHAWESOME.BLIND_DATE_LIKE (MEMBER_CODE,RECEIVE_MEMBER_CODE,LIKE_CHECK) values (null,2,'Y');
Insert into KHAWESOME.BLIND_DATE_LIKE (MEMBER_CODE,RECEIVE_MEMBER_CODE,LIKE_CHECK) values (null,2,'Y');
Insert into KHAWESOME.BLIND_DATE_LIKE (MEMBER_CODE,RECEIVE_MEMBER_CODE,LIKE_CHECK) values (null,2,'Y');
Insert into KHAWESOME.BLIND_DATE_LIKE (MEMBER_CODE,RECEIVE_MEMBER_CODE,LIKE_CHECK) values (null,2,'Y');
Insert into KHAWESOME.BLIND_DATE_LIKE (MEMBER_CODE,RECEIVE_MEMBER_CODE,LIKE_CHECK) values (null,2,'Y');
Insert into KHAWESOME.BLIND_DATE_LIKE (MEMBER_CODE,RECEIVE_MEMBER_CODE,LIKE_CHECK) values (null,2,'Y');
Insert into KHAWESOME.BLIND_DATE_LIKE (MEMBER_CODE,RECEIVE_MEMBER_CODE,LIKE_CHECK) values (null,2,'Y');
Insert into KHAWESOME.BLIND_DATE_LIKE (MEMBER_CODE,RECEIVE_MEMBER_CODE,LIKE_CHECK) values (null,2,'Y');
Insert into KHAWESOME.BLIND_DATE_LIKE (MEMBER_CODE,RECEIVE_MEMBER_CODE,LIKE_CHECK) values (null,2,'Y');
Insert into KHAWESOME.BLIND_DATE_LIKE (MEMBER_CODE,RECEIVE_MEMBER_CODE,LIKE_CHECK) values (null,2,'Y');
Insert into KHAWESOME.BLIND_DATE_LIKE (MEMBER_CODE,RECEIVE_MEMBER_CODE,LIKE_CHECK) values (null,2,'Y');
Insert into KHAWESOME.BLIND_DATE_LIKE (MEMBER_CODE,RECEIVE_MEMBER_CODE,LIKE_CHECK) values (null,2,'N');
Insert into KHAWESOME.BLIND_DATE_LIKE (MEMBER_CODE,RECEIVE_MEMBER_CODE,LIKE_CHECK) values (null,2,'Y');
Insert into KHAWESOME.BLIND_DATE_LIKE (MEMBER_CODE,RECEIVE_MEMBER_CODE,LIKE_CHECK) values (null,2,'Y');
Insert into KHAWESOME.BLIND_DATE_LIKE (MEMBER_CODE,RECEIVE_MEMBER_CODE,LIKE_CHECK) values (null,2,'N');
Insert into KHAWESOME.BLIND_DATE_LIKE (MEMBER_CODE,RECEIVE_MEMBER_CODE,LIKE_CHECK) values (null,2,'Y');
Insert into KHAWESOME.BLIND_DATE_LIKE (MEMBER_CODE,RECEIVE_MEMBER_CODE,LIKE_CHECK) values (null,2,'Y');
Insert into KHAWESOME.BLIND_DATE_LIKE (MEMBER_CODE,RECEIVE_MEMBER_CODE,LIKE_CHECK) values (null,2,'Y');
Insert into KHAWESOME.BLIND_DATE_LIKE (MEMBER_CODE,RECEIVE_MEMBER_CODE,LIKE_CHECK) values (null,2,'Y');
Insert into KHAWESOME.BLIND_DATE_LIKE (MEMBER_CODE,RECEIVE_MEMBER_CODE,LIKE_CHECK) values (null,2,'Y');
Insert into KHAWESOME.BLIND_DATE_LIKE (MEMBER_CODE,RECEIVE_MEMBER_CODE,LIKE_CHECK) values (null,2,'Y');
Insert into KHAWESOME.BLIND_DATE_LIKE (MEMBER_CODE,RECEIVE_MEMBER_CODE,LIKE_CHECK) values (null,2,'Y');
Insert into KHAWESOME.BLIND_DATE_LIKE (MEMBER_CODE,RECEIVE_MEMBER_CODE,LIKE_CHECK) values (null,2,'Y');
Insert into KHAWESOME.BLIND_DATE_LIKE (MEMBER_CODE,RECEIVE_MEMBER_CODE,LIKE_CHECK) values (null,2,'N');
Insert into KHAWESOME.BLIND_DATE_LIKE (MEMBER_CODE,RECEIVE_MEMBER_CODE,LIKE_CHECK) values (null,2,'N');
Insert into KHAWESOME.BLIND_DATE_LIKE (MEMBER_CODE,RECEIVE_MEMBER_CODE,LIKE_CHECK) values (null,2,'Y');
Insert into KHAWESOME.BLIND_DATE_LIKE (MEMBER_CODE,RECEIVE_MEMBER_CODE,LIKE_CHECK) values (null,2,'Y');
Insert into KHAWESOME.BLIND_DATE_LIKE (MEMBER_CODE,RECEIVE_MEMBER_CODE,LIKE_CHECK) values (null,2,'Y');
Insert into KHAWESOME.BLIND_DATE_LIKE (MEMBER_CODE,RECEIVE_MEMBER_CODE,LIKE_CHECK) values (null,2,'Y');
Insert into KHAWESOME.BLIND_DATE_LIKE (MEMBER_CODE,RECEIVE_MEMBER_CODE,LIKE_CHECK) values (null,2,'Y');
Insert into KHAWESOME.BLIND_DATE_LIKE (MEMBER_CODE,RECEIVE_MEMBER_CODE,LIKE_CHECK) values (null,2,'Y');
Insert into KHAWESOME.BLIND_DATE_LIKE (MEMBER_CODE,RECEIVE_MEMBER_CODE,LIKE_CHECK) values (null,2,'Y');
Insert into KHAWESOME.BLIND_DATE_LIKE (MEMBER_CODE,RECEIVE_MEMBER_CODE,LIKE_CHECK) values (null,2,'Y');
Insert into KHAWESOME.BLIND_DATE_LIKE (MEMBER_CODE,RECEIVE_MEMBER_CODE,LIKE_CHECK) values (null,2,'Y');
Insert into KHAWESOME.BLIND_DATE_LIKE (MEMBER_CODE,RECEIVE_MEMBER_CODE,LIKE_CHECK) values (null,2,'Y');
Insert into KHAWESOME.BLIND_DATE_LIKE (MEMBER_CODE,RECEIVE_MEMBER_CODE,LIKE_CHECK) values (null,2,'Y');
Insert into KHAWESOME.BLIND_DATE_LIKE (MEMBER_CODE,RECEIVE_MEMBER_CODE,LIKE_CHECK) values (null,2,'N');
Insert into KHAWESOME.BLIND_DATE_LIKE (MEMBER_CODE,RECEIVE_MEMBER_CODE,LIKE_CHECK) values (null,2,'Y');
Insert into KHAWESOME.BLIND_DATE_LIKE (MEMBER_CODE,RECEIVE_MEMBER_CODE,LIKE_CHECK) values (null,2,'Y');
Insert into KHAWESOME.BLIND_DATE_LIKE (MEMBER_CODE,RECEIVE_MEMBER_CODE,LIKE_CHECK) values (null,2,'Y');
Insert into KHAWESOME.BLIND_DATE_LIKE (MEMBER_CODE,RECEIVE_MEMBER_CODE,LIKE_CHECK) values (null,2,'Y');
Insert into KHAWESOME.BLIND_DATE_LIKE (MEMBER_CODE,RECEIVE_MEMBER_CODE,LIKE_CHECK) values (null,2,'Y');
Insert into KHAWESOME.BLIND_DATE_LIKE (MEMBER_CODE,RECEIVE_MEMBER_CODE,LIKE_CHECK) values (null,2,'Y');
Insert into KHAWESOME.BLIND_DATE_LIKE (MEMBER_CODE,RECEIVE_MEMBER_CODE,LIKE_CHECK) values (null,2,'Y');
Insert into KHAWESOME.BLIND_DATE_LIKE (MEMBER_CODE,RECEIVE_MEMBER_CODE,LIKE_CHECK) values (null,2,'Y');
Insert into KHAWESOME.BLIND_DATE_LIKE (MEMBER_CODE,RECEIVE_MEMBER_CODE,LIKE_CHECK) values (null,2,'Y');
Insert into KHAWESOME.BLIND_DATE_LIKE (MEMBER_CODE,RECEIVE_MEMBER_CODE,LIKE_CHECK) values (null,2,'Y');
Insert into KHAWESOME.BLIND_DATE_LIKE (MEMBER_CODE,RECEIVE_MEMBER_CODE,LIKE_CHECK) values (null,2,'Y');
Insert into KHAWESOME.BLIND_DATE_LIKE (MEMBER_CODE,RECEIVE_MEMBER_CODE,LIKE_CHECK) values (null,2,'Y');
Insert into KHAWESOME.BLIND_DATE_LIKE (MEMBER_CODE,RECEIVE_MEMBER_CODE,LIKE_CHECK) values (null,2,'Y');
Insert into KHAWESOME.BLIND_DATE_LIKE (MEMBER_CODE,RECEIVE_MEMBER_CODE,LIKE_CHECK) values (null,2,'Y');
Insert into KHAWESOME.BLIND_DATE_LIKE (MEMBER_CODE,RECEIVE_MEMBER_CODE,LIKE_CHECK) values (null,2,'Y');
Insert into KHAWESOME.BLIND_DATE_LIKE (MEMBER_CODE,RECEIVE_MEMBER_CODE,LIKE_CHECK) values (null,2,'Y');
Insert into KHAWESOME.BLIND_DATE_LIKE (MEMBER_CODE,RECEIVE_MEMBER_CODE,LIKE_CHECK) values (284,2,'Y');
Insert into KHAWESOME.BLIND_DATE_LIKE (MEMBER_CODE,RECEIVE_MEMBER_CODE,LIKE_CHECK) values (282,308,'Y');
Insert into KHAWESOME.BLIND_DATE_LIKE (MEMBER_CODE,RECEIVE_MEMBER_CODE,LIKE_CHECK) values (290,311,'Y');
Insert into KHAWESOME.BLIND_DATE_LIKE (MEMBER_CODE,RECEIVE_MEMBER_CODE,LIKE_CHECK) values (290,311,'Y');
Insert into KHAWESOME.BLIND_DATE_LIKE (MEMBER_CODE,RECEIVE_MEMBER_CODE,LIKE_CHECK) values (290,311,'Y');
REM INSERTING into KHAWESOME.CHAT_LOG
SET DEFINE OFF;
REM INSERTING into KHAWESOME.CITY
SET DEFINE OFF;
Insert into KHAWESOME.CITY (CITY_CODE,CITY_NAME) values (11,'서울특별시');
Insert into KHAWESOME.CITY (CITY_CODE,CITY_NAME) values (21,'부산광역시');
Insert into KHAWESOME.CITY (CITY_CODE,CITY_NAME) values (22,'대구광역시');
Insert into KHAWESOME.CITY (CITY_CODE,CITY_NAME) values (23,'인천광역시');
Insert into KHAWESOME.CITY (CITY_CODE,CITY_NAME) values (24,'광주광역시');
Insert into KHAWESOME.CITY (CITY_CODE,CITY_NAME) values (25,'대전광역시');
Insert into KHAWESOME.CITY (CITY_CODE,CITY_NAME) values (26,'울산광역시');
Insert into KHAWESOME.CITY (CITY_CODE,CITY_NAME) values (29,'세종특별자치시');
Insert into KHAWESOME.CITY (CITY_CODE,CITY_NAME) values (31,'경기도');
Insert into KHAWESOME.CITY (CITY_CODE,CITY_NAME) values (32,'강원도');
Insert into KHAWESOME.CITY (CITY_CODE,CITY_NAME) values (33,'충청북도');
Insert into KHAWESOME.CITY (CITY_CODE,CITY_NAME) values (34,'충청남도');
Insert into KHAWESOME.CITY (CITY_CODE,CITY_NAME) values (35,'전라북도');
Insert into KHAWESOME.CITY (CITY_CODE,CITY_NAME) values (36,'전라남도');
Insert into KHAWESOME.CITY (CITY_CODE,CITY_NAME) values (37,'경상북도');
Insert into KHAWESOME.CITY (CITY_CODE,CITY_NAME) values (38,'경상남도');
Insert into KHAWESOME.CITY (CITY_CODE,CITY_NAME) values (39,'제주특별자치도');
REM INSERTING into KHAWESOME.CLUB
SET DEFINE OFF;
Insert into KHAWESOME.CLUB (CLUB_CODE,INTERESTING_CODE,MEMBER_CODE,LOCAL_CODE,CLUB_NAME,CLUB_SIMPLE_INFO,CLUB_INFO,MAIN_ORIGINAL_FILENAME,MAIN_RENAMED_FILENAME) values (51,1,321,11010,'커뮤니티1','test클럽한줄소개','ㅋㅋ','커뮤니티1.PNG','20190730_0024500751_703.PNG');
Insert into KHAWESOME.CLUB (CLUB_CODE,INTERESTING_CODE,MEMBER_CODE,LOCAL_CODE,CLUB_NAME,CLUB_SIMPLE_INFO,CLUB_INFO,MAIN_ORIGINAL_FILENAME,MAIN_RENAMED_FILENAME) values (47,1,1,11010,'aaa','ss','dd',null,null);
Insert into KHAWESOME.CLUB (CLUB_CODE,INTERESTING_CODE,MEMBER_CODE,LOCAL_CODE,CLUB_NAME,CLUB_SIMPLE_INFO,CLUB_INFO,MAIN_ORIGINAL_FILENAME,MAIN_RENAMED_FILENAME) values (53,23,321,22050,'test클럽','테스트하자','안녕','커뮤니티2.PNG','20190730_0635050437_421.PNG');
Insert into KHAWESOME.CLUB (CLUB_CODE,INTERESTING_CODE,MEMBER_CODE,LOCAL_CODE,CLUB_NAME,CLUB_SIMPLE_INFO,CLUB_INFO,MAIN_ORIGINAL_FILENAME,MAIN_RENAMED_FILENAME) values (52,21,321,21020,'소모임 테스트','안녕하세요','테스트입니다',null,null);
Insert into KHAWESOME.CLUB (CLUB_CODE,INTERESTING_CODE,MEMBER_CODE,LOCAL_CODE,CLUB_NAME,CLUB_SIMPLE_INFO,CLUB_INFO,MAIN_ORIGINAL_FILENAME,MAIN_RENAMED_FILENAME) values (54,22,321,24050,'우왕','오늘이 끝이네요.','고생들 하셨습니다.',null,null);
Insert into KHAWESOME.CLUB (CLUB_CODE,INTERESTING_CODE,MEMBER_CODE,LOCAL_CODE,CLUB_NAME,CLUB_SIMPLE_INFO,CLUB_INFO,MAIN_ORIGINAL_FILENAME,MAIN_RENAMED_FILENAME) values (55,22,321,21060,'소모임만들자','놀러오세요','ㅎㅎ','커뮤니티3.PNG','20190730_0639170856_907.PNG');
Insert into KHAWESOME.CLUB (CLUB_CODE,INTERESTING_CODE,MEMBER_CODE,LOCAL_CODE,CLUB_NAME,CLUB_SIMPLE_INFO,CLUB_INFO,MAIN_ORIGINAL_FILENAME,MAIN_RENAMED_FILENAME) values (46,1,1,31060,'클럽테스트','한줄소개테스트','클럽상세설명테스트','사진1.PNG','20190725_0602540663_119.PNG');
REM INSERTING into KHAWESOME.CLUB_COMMENT
SET DEFINE OFF;
Insert into KHAWESOME.CLUB_COMMENT (MEETING_COMMENT_CODE,COMMENT_WRITER,COMMENT_CONTENT,COMMENT_DATE,MEETING_CONTENT_CODE) values (46,1,'zzzz',to_date('19/07/25','RR/MM/DD'),64);
Insert into KHAWESOME.CLUB_COMMENT (MEETING_COMMENT_CODE,COMMENT_WRITER,COMMENT_CONTENT,COMMENT_DATE,MEETING_CONTENT_CODE) values (47,291,'aasdf',to_date('19/07/25','RR/MM/DD'),65);
Insert into KHAWESOME.CLUB_COMMENT (MEETING_COMMENT_CODE,COMMENT_WRITER,COMMENT_CONTENT,COMMENT_DATE,MEETING_CONTENT_CODE) values (61,291,'ㅋㅋㅋㅋㅋ',to_date('19/07/28','RR/MM/DD'),82);
Insert into KHAWESOME.CLUB_COMMENT (MEETING_COMMENT_CODE,COMMENT_WRITER,COMMENT_CONTENT,COMMENT_DATE,MEETING_CONTENT_CODE) values (16,1,'ㅋㅋ',to_date('19/07/29','RR/MM/DD'),43);
Insert into KHAWESOME.CLUB_COMMENT (MEETING_COMMENT_CODE,COMMENT_WRITER,COMMENT_CONTENT,COMMENT_DATE,MEETING_CONTENT_CODE) values (17,1,'안녕하세요~',to_date('19/07/29','RR/MM/DD'),44);
REM INSERTING into KHAWESOME.CLUB_CONTENT
SET DEFINE OFF;
Insert into KHAWESOME.CLUB_CONTENT (CLUB_CONTENT_CODE,CLUB_CODE,MEMBER_CODE,CONTENT_TITLE,CONTENT,WRITE_LEVEL,WRITE_DATE) values (65,2,124,'제목입력테스트','zzz',1,to_date('19/07/25','RR/MM/DD'));
Insert into KHAWESOME.CLUB_CONTENT (CLUB_CONTENT_CODE,CLUB_CODE,MEMBER_CODE,CONTENT_TITLE,CONTENT,WRITE_LEVEL,WRITE_DATE) values (83,53,291,'제목입력테스트','내용입력테스트',1,to_date('19/07/28','RR/MM/DD'));
Insert into KHAWESOME.CLUB_CONTENT (CLUB_CONTENT_CODE,CLUB_CODE,MEMBER_CODE,CONTENT_TITLE,CONTENT,WRITE_LEVEL,WRITE_DATE) values (40,51,1,'ㅎㅎ','ㅎㅎ',0,to_date('19/07/29','RR/MM/DD'));
Insert into KHAWESOME.CLUB_CONTENT (CLUB_CONTENT_CODE,CLUB_CODE,MEMBER_CODE,CONTENT_TITLE,CONTENT,WRITE_LEVEL,WRITE_DATE) values (41,51,321,'사진','사진게시판',2,to_date('19/07/29','RR/MM/DD'));
Insert into KHAWESOME.CLUB_CONTENT (CLUB_CONTENT_CODE,CLUB_CODE,MEMBER_CODE,CONTENT_TITLE,CONTENT,WRITE_LEVEL,WRITE_DATE) values (42,51,1,'게시글 테스트','안녕하세요',1,to_date('19/07/29','RR/MM/DD'));
Insert into KHAWESOME.CLUB_CONTENT (CLUB_CONTENT_CODE,CLUB_CODE,MEMBER_CODE,CONTENT_TITLE,CONTENT,WRITE_LEVEL,WRITE_DATE) values (43,55,1,'ㅎㅎ','ㅎㅎ',1,to_date('19/07/29','RR/MM/DD'));
Insert into KHAWESOME.CLUB_CONTENT (CLUB_CONTENT_CODE,CLUB_CODE,MEMBER_CODE,CONTENT_TITLE,CONTENT,WRITE_LEVEL,WRITE_DATE) values (44,54,1,'안녕하세요 게시물입니다','ㅎㅇ',1,to_date('19/07/29','RR/MM/DD'));
Insert into KHAWESOME.CLUB_CONTENT (CLUB_CONTENT_CODE,CLUB_CODE,MEMBER_CODE,CONTENT_TITLE,CONTENT,WRITE_LEVEL,WRITE_DATE) values (38,48,1,'게시물테스트','게시물',1,to_date('19/07/28','RR/MM/DD'));
Insert into KHAWESOME.CLUB_CONTENT (CLUB_CONTENT_CODE,CLUB_CODE,MEMBER_CODE,CONTENT_TITLE,CONTENT,WRITE_LEVEL,WRITE_DATE) values (39,48,1,'공지사항 테스트','공지내용1',0,to_date('19/07/28','RR/MM/DD'));
REM INSERTING into KHAWESOME.CLUB_MEMBER
SET DEFINE OFF;
Insert into KHAWESOME.CLUB_MEMBER (CLUB_CODE,CLUB_MEMBER_CODE,CLUB_MEM_GRADE,CLUB_JOIN_CHECK) values (1,291,2,'Y');
Insert into KHAWESOME.CLUB_MEMBER (CLUB_CODE,CLUB_MEMBER_CODE,CLUB_MEM_GRADE,CLUB_JOIN_CHECK) values (1,291,2,'Y');
Insert into KHAWESOME.CLUB_MEMBER (CLUB_CODE,CLUB_MEMBER_CODE,CLUB_MEM_GRADE,CLUB_JOIN_CHECK) values (53,321,0,'N');
Insert into KHAWESOME.CLUB_MEMBER (CLUB_CODE,CLUB_MEMBER_CODE,CLUB_MEM_GRADE,CLUB_JOIN_CHECK) values (53,322,0,'N');
Insert into KHAWESOME.CLUB_MEMBER (CLUB_CODE,CLUB_MEMBER_CODE,CLUB_MEM_GRADE,CLUB_JOIN_CHECK) values (53,323,0,'Y');
Insert into KHAWESOME.CLUB_MEMBER (CLUB_CODE,CLUB_MEMBER_CODE,CLUB_MEM_GRADE,CLUB_JOIN_CHECK) values (53,324,0,'Y');
Insert into KHAWESOME.CLUB_MEMBER (CLUB_CODE,CLUB_MEMBER_CODE,CLUB_MEM_GRADE,CLUB_JOIN_CHECK) values (49,321,2,'Y');
Insert into KHAWESOME.CLUB_MEMBER (CLUB_CODE,CLUB_MEMBER_CODE,CLUB_MEM_GRADE,CLUB_JOIN_CHECK) values (50,321,2,'Y');
Insert into KHAWESOME.CLUB_MEMBER (CLUB_CODE,CLUB_MEMBER_CODE,CLUB_MEM_GRADE,CLUB_JOIN_CHECK) values (51,321,2,'Y');
Insert into KHAWESOME.CLUB_MEMBER (CLUB_CODE,CLUB_MEMBER_CODE,CLUB_MEM_GRADE,CLUB_JOIN_CHECK) values (1,291,2,'Y');
Insert into KHAWESOME.CLUB_MEMBER (CLUB_CODE,CLUB_MEMBER_CODE,CLUB_MEM_GRADE,CLUB_JOIN_CHECK) values (1,291,2,'Y');
Insert into KHAWESOME.CLUB_MEMBER (CLUB_CODE,CLUB_MEMBER_CODE,CLUB_MEM_GRADE,CLUB_JOIN_CHECK) values (51,322,0,'Y');
Insert into KHAWESOME.CLUB_MEMBER (CLUB_CODE,CLUB_MEMBER_CODE,CLUB_MEM_GRADE,CLUB_JOIN_CHECK) values (47,324,0,'N');
Insert into KHAWESOME.CLUB_MEMBER (CLUB_CODE,CLUB_MEMBER_CODE,CLUB_MEM_GRADE,CLUB_JOIN_CHECK) values (52,321,2,'Y');
Insert into KHAWESOME.CLUB_MEMBER (CLUB_CODE,CLUB_MEMBER_CODE,CLUB_MEM_GRADE,CLUB_JOIN_CHECK) values (53,321,2,'Y');
Insert into KHAWESOME.CLUB_MEMBER (CLUB_CODE,CLUB_MEMBER_CODE,CLUB_MEM_GRADE,CLUB_JOIN_CHECK) values (54,321,2,'Y');
Insert into KHAWESOME.CLUB_MEMBER (CLUB_CODE,CLUB_MEMBER_CODE,CLUB_MEM_GRADE,CLUB_JOIN_CHECK) values (55,321,2,'Y');
Insert into KHAWESOME.CLUB_MEMBER (CLUB_CODE,CLUB_MEMBER_CODE,CLUB_MEM_GRADE,CLUB_JOIN_CHECK) values (47,1,2,'Y');
Insert into KHAWESOME.CLUB_MEMBER (CLUB_CODE,CLUB_MEMBER_CODE,CLUB_MEM_GRADE,CLUB_JOIN_CHECK) values (48,291,0,'N');
Insert into KHAWESOME.CLUB_MEMBER (CLUB_CODE,CLUB_MEMBER_CODE,CLUB_MEM_GRADE,CLUB_JOIN_CHECK) values (48,321,2,'Y');
Insert into KHAWESOME.CLUB_MEMBER (CLUB_CODE,CLUB_MEMBER_CODE,CLUB_MEM_GRADE,CLUB_JOIN_CHECK) values (2,291,1,'Y');
Insert into KHAWESOME.CLUB_MEMBER (CLUB_CODE,CLUB_MEMBER_CODE,CLUB_MEM_GRADE,CLUB_JOIN_CHECK) values (1,291,0,'N');
Insert into KHAWESOME.CLUB_MEMBER (CLUB_CODE,CLUB_MEMBER_CODE,CLUB_MEM_GRADE,CLUB_JOIN_CHECK) values (53,291,2,'Y');
Insert into KHAWESOME.CLUB_MEMBER (CLUB_CODE,CLUB_MEMBER_CODE,CLUB_MEM_GRADE,CLUB_JOIN_CHECK) values (46,1,2,'Y');
Insert into KHAWESOME.CLUB_MEMBER (CLUB_CODE,CLUB_MEMBER_CODE,CLUB_MEM_GRADE,CLUB_JOIN_CHECK) values (9,null,0,'N');
Insert into KHAWESOME.CLUB_MEMBER (CLUB_CODE,CLUB_MEMBER_CODE,CLUB_MEM_GRADE,CLUB_JOIN_CHECK) values (50,323,0,'N');
Insert into KHAWESOME.CLUB_MEMBER (CLUB_CODE,CLUB_MEMBER_CODE,CLUB_MEM_GRADE,CLUB_JOIN_CHECK) values (46,323,0,'N');
REM INSERTING into KHAWESOME.CLUB_PHOTO
SET DEFINE OFF;
Insert into KHAWESOME.CLUB_PHOTO (CLUB_CONTENT_CODE,CLUB_CODE,CLUB_ORIGINAL_FILENAME,CLUB_RENAMED_FILENAME,PIC_INFO,CLUB_PHOTO_NUM) values (41,51,'클럽사진3.PNG','20190730_060639883_44.PNG',null,68);
Insert into KHAWESOME.CLUB_PHOTO (CLUB_CONTENT_CODE,CLUB_CODE,CLUB_ORIGINAL_FILENAME,CLUB_RENAMED_FILENAME,PIC_INFO,CLUB_PHOTO_NUM) values (41,51,'클럽사진1.PNG','20190730_060639880_151.PNG',null,66);
Insert into KHAWESOME.CLUB_PHOTO (CLUB_CONTENT_CODE,CLUB_CODE,CLUB_ORIGINAL_FILENAME,CLUB_RENAMED_FILENAME,PIC_INFO,CLUB_PHOTO_NUM) values (41,51,'클럽사진2.PNG','20190730_060639882_972.PNG',null,67);
REM INSERTING into KHAWESOME.DELETE_ADDRESS
SET DEFINE OFF;
Insert into KHAWESOME.DELETE_ADDRESS (MEMBER_CODE,POST_NO,ADDRESS,ROAD_ADDRESS,DETAIL_ADDRESS,PLACE_LAT,PLACE_LNG) values (301,'8813','서울특별시 관악구 신림동 1536-14','서울특별시 관악구 호암로22길 55','4141',126.9358797,37.4687822);
Insert into KHAWESOME.DELETE_ADDRESS (MEMBER_CODE,POST_NO,ADDRESS,ROAD_ADDRESS,DETAIL_ADDRESS,PLACE_LAT,PLACE_LNG) values (124,'12345','경기도 안양시 만안구 안양동 390-44','경기도 안양시 만안구 현충로16번길 25','국민아파트 101동 303호',126.9281303,37.3934358);
REM INSERTING into KHAWESOME.FRIEND
SET DEFINE OFF;
Insert into KHAWESOME.FRIEND (MEMBER_CODE,FRIEND_MEMBER_CODE,FRIEND_CHECK) values (265,291,'Y');
Insert into KHAWESOME.FRIEND (MEMBER_CODE,FRIEND_MEMBER_CODE,FRIEND_CHECK) values (124,123,'Y');
Insert into KHAWESOME.FRIEND (MEMBER_CODE,FRIEND_MEMBER_CODE,FRIEND_CHECK) values (291,265,'Y');
Insert into KHAWESOME.FRIEND (MEMBER_CODE,FRIEND_MEMBER_CODE,FRIEND_CHECK) values (1,291,'Y');
Insert into KHAWESOME.FRIEND (MEMBER_CODE,FRIEND_MEMBER_CODE,FRIEND_CHECK) values (304,291,'Y');
Insert into KHAWESOME.FRIEND (MEMBER_CODE,FRIEND_MEMBER_CODE,FRIEND_CHECK) values (291,1,'Y');
Insert into KHAWESOME.FRIEND (MEMBER_CODE,FRIEND_MEMBER_CODE,FRIEND_CHECK) values (291,306,'Y');
Insert into KHAWESOME.FRIEND (MEMBER_CODE,FRIEND_MEMBER_CODE,FRIEND_CHECK) values (1,291,'Y');
Insert into KHAWESOME.FRIEND (MEMBER_CODE,FRIEND_MEMBER_CODE,FRIEND_CHECK) values (306,291,'Y');
Insert into KHAWESOME.FRIEND (MEMBER_CODE,FRIEND_MEMBER_CODE,FRIEND_CHECK) values (1,291,'Y');
Insert into KHAWESOME.FRIEND (MEMBER_CODE,FRIEND_MEMBER_CODE,FRIEND_CHECK) values (124,206,'Y');
Insert into KHAWESOME.FRIEND (MEMBER_CODE,FRIEND_MEMBER_CODE,FRIEND_CHECK) values (124,122,'Y');
Insert into KHAWESOME.FRIEND (MEMBER_CODE,FRIEND_MEMBER_CODE,FRIEND_CHECK) values (124,121,'Y');
Insert into KHAWESOME.FRIEND (MEMBER_CODE,FRIEND_MEMBER_CODE,FRIEND_CHECK) values (124,120,'Y');
Insert into KHAWESOME.FRIEND (MEMBER_CODE,FRIEND_MEMBER_CODE,FRIEND_CHECK) values (120,124,'Y');
Insert into KHAWESOME.FRIEND (MEMBER_CODE,FRIEND_MEMBER_CODE,FRIEND_CHECK) values (121,124,'Y');
Insert into KHAWESOME.FRIEND (MEMBER_CODE,FRIEND_MEMBER_CODE,FRIEND_CHECK) values (122,124,'Y');
Insert into KHAWESOME.FRIEND (MEMBER_CODE,FRIEND_MEMBER_CODE,FRIEND_CHECK) values (124,207,'Y');
Insert into KHAWESOME.FRIEND (MEMBER_CODE,FRIEND_MEMBER_CODE,FRIEND_CHECK) values (206,124,'Y');
Insert into KHAWESOME.FRIEND (MEMBER_CODE,FRIEND_MEMBER_CODE,FRIEND_CHECK) values (207,124,'Y');
REM INSERTING into KHAWESOME.INFO_CHECK
SET DEFINE OFF;
REM INSERTING into KHAWESOME.INTERESTING
SET DEFINE OFF;
Insert into KHAWESOME.INTERESTING (INTERESTING_CODE,INTERESTING_NAME) values (1,'운동');
Insert into KHAWESOME.INTERESTING (INTERESTING_CODE,INTERESTING_NAME) values (21,'음식');
Insert into KHAWESOME.INTERESTING (INTERESTING_CODE,INTERESTING_NAME) values (22,'여행');
Insert into KHAWESOME.INTERESTING (INTERESTING_CODE,INTERESTING_NAME) values (23,'기타');
REM INSERTING into KHAWESOME.LOCAL
SET DEFINE OFF;
Insert into KHAWESOME.LOCAL (LOCAL_CODE,CITY_CODE,LOCAL_NAME) values (11010,11,'종로구');
Insert into KHAWESOME.LOCAL (LOCAL_CODE,CITY_CODE,LOCAL_NAME) values (11020,11,'중구');
Insert into KHAWESOME.LOCAL (LOCAL_CODE,CITY_CODE,LOCAL_NAME) values (11030,11,'용산구');
Insert into KHAWESOME.LOCAL (LOCAL_CODE,CITY_CODE,LOCAL_NAME) values (11040,11,'성동구');
Insert into KHAWESOME.LOCAL (LOCAL_CODE,CITY_CODE,LOCAL_NAME) values (11050,11,'광진구');
Insert into KHAWESOME.LOCAL (LOCAL_CODE,CITY_CODE,LOCAL_NAME) values (11060,11,'동대문구');
Insert into KHAWESOME.LOCAL (LOCAL_CODE,CITY_CODE,LOCAL_NAME) values (11070,11,'중랑구');
Insert into KHAWESOME.LOCAL (LOCAL_CODE,CITY_CODE,LOCAL_NAME) values (11080,11,'성북구');
Insert into KHAWESOME.LOCAL (LOCAL_CODE,CITY_CODE,LOCAL_NAME) values (11090,11,'강북구');
Insert into KHAWESOME.LOCAL (LOCAL_CODE,CITY_CODE,LOCAL_NAME) values (11100,11,'도봉구');
Insert into KHAWESOME.LOCAL (LOCAL_CODE,CITY_CODE,LOCAL_NAME) values (11110,11,'노원구');
Insert into KHAWESOME.LOCAL (LOCAL_CODE,CITY_CODE,LOCAL_NAME) values (11120,11,'은평구');
Insert into KHAWESOME.LOCAL (LOCAL_CODE,CITY_CODE,LOCAL_NAME) values (11130,11,'서대문구');
Insert into KHAWESOME.LOCAL (LOCAL_CODE,CITY_CODE,LOCAL_NAME) values (11140,11,'마포구');
Insert into KHAWESOME.LOCAL (LOCAL_CODE,CITY_CODE,LOCAL_NAME) values (11150,11,'양천구');
Insert into KHAWESOME.LOCAL (LOCAL_CODE,CITY_CODE,LOCAL_NAME) values (11160,11,'강서구');
Insert into KHAWESOME.LOCAL (LOCAL_CODE,CITY_CODE,LOCAL_NAME) values (11170,11,'구로구');
Insert into KHAWESOME.LOCAL (LOCAL_CODE,CITY_CODE,LOCAL_NAME) values (11180,11,'금천구');
Insert into KHAWESOME.LOCAL (LOCAL_CODE,CITY_CODE,LOCAL_NAME) values (11190,11,'영등포구');
Insert into KHAWESOME.LOCAL (LOCAL_CODE,CITY_CODE,LOCAL_NAME) values (11200,11,'동작구');
Insert into KHAWESOME.LOCAL (LOCAL_CODE,CITY_CODE,LOCAL_NAME) values (11210,11,'관악구');
Insert into KHAWESOME.LOCAL (LOCAL_CODE,CITY_CODE,LOCAL_NAME) values (11220,11,'서초구');
Insert into KHAWESOME.LOCAL (LOCAL_CODE,CITY_CODE,LOCAL_NAME) values (11230,11,'강남구');
Insert into KHAWESOME.LOCAL (LOCAL_CODE,CITY_CODE,LOCAL_NAME) values (11240,11,'송파구');
Insert into KHAWESOME.LOCAL (LOCAL_CODE,CITY_CODE,LOCAL_NAME) values (11250,11,'강동구');
Insert into KHAWESOME.LOCAL (LOCAL_CODE,CITY_CODE,LOCAL_NAME) values (21010,21,'중구');
Insert into KHAWESOME.LOCAL (LOCAL_CODE,CITY_CODE,LOCAL_NAME) values (21020,21,'서구');
Insert into KHAWESOME.LOCAL (LOCAL_CODE,CITY_CODE,LOCAL_NAME) values (21030,21,'동구');
Insert into KHAWESOME.LOCAL (LOCAL_CODE,CITY_CODE,LOCAL_NAME) values (21040,21,'영도구');
Insert into KHAWESOME.LOCAL (LOCAL_CODE,CITY_CODE,LOCAL_NAME) values (21050,21,'부산진구');
Insert into KHAWESOME.LOCAL (LOCAL_CODE,CITY_CODE,LOCAL_NAME) values (21060,21,'동래구');
Insert into KHAWESOME.LOCAL (LOCAL_CODE,CITY_CODE,LOCAL_NAME) values (21070,21,'남구');
Insert into KHAWESOME.LOCAL (LOCAL_CODE,CITY_CODE,LOCAL_NAME) values (21080,21,'북구');
Insert into KHAWESOME.LOCAL (LOCAL_CODE,CITY_CODE,LOCAL_NAME) values (21090,21,'해운대구');
Insert into KHAWESOME.LOCAL (LOCAL_CODE,CITY_CODE,LOCAL_NAME) values (21100,21,'사하구');
Insert into KHAWESOME.LOCAL (LOCAL_CODE,CITY_CODE,LOCAL_NAME) values (21110,21,'금정구');
Insert into KHAWESOME.LOCAL (LOCAL_CODE,CITY_CODE,LOCAL_NAME) values (21120,21,'강서구');
Insert into KHAWESOME.LOCAL (LOCAL_CODE,CITY_CODE,LOCAL_NAME) values (21130,21,'연제구');
Insert into KHAWESOME.LOCAL (LOCAL_CODE,CITY_CODE,LOCAL_NAME) values (21140,21,'수영구');
Insert into KHAWESOME.LOCAL (LOCAL_CODE,CITY_CODE,LOCAL_NAME) values (21150,21,'사상구');
Insert into KHAWESOME.LOCAL (LOCAL_CODE,CITY_CODE,LOCAL_NAME) values (21310,21,'기장군');
Insert into KHAWESOME.LOCAL (LOCAL_CODE,CITY_CODE,LOCAL_NAME) values (22010,22,'중구');
Insert into KHAWESOME.LOCAL (LOCAL_CODE,CITY_CODE,LOCAL_NAME) values (22020,22,'동구');
Insert into KHAWESOME.LOCAL (LOCAL_CODE,CITY_CODE,LOCAL_NAME) values (22030,22,'서구');
Insert into KHAWESOME.LOCAL (LOCAL_CODE,CITY_CODE,LOCAL_NAME) values (22040,22,'남구');
Insert into KHAWESOME.LOCAL (LOCAL_CODE,CITY_CODE,LOCAL_NAME) values (22050,22,'북구');
Insert into KHAWESOME.LOCAL (LOCAL_CODE,CITY_CODE,LOCAL_NAME) values (22060,22,'수성구');
Insert into KHAWESOME.LOCAL (LOCAL_CODE,CITY_CODE,LOCAL_NAME) values (22070,22,'달서구');
Insert into KHAWESOME.LOCAL (LOCAL_CODE,CITY_CODE,LOCAL_NAME) values (22310,22,'달성군');
Insert into KHAWESOME.LOCAL (LOCAL_CODE,CITY_CODE,LOCAL_NAME) values (23010,23,'중구');
Insert into KHAWESOME.LOCAL (LOCAL_CODE,CITY_CODE,LOCAL_NAME) values (23020,23,'동구');
Insert into KHAWESOME.LOCAL (LOCAL_CODE,CITY_CODE,LOCAL_NAME) values (23040,23,'연수구');
Insert into KHAWESOME.LOCAL (LOCAL_CODE,CITY_CODE,LOCAL_NAME) values (23050,23,'남동구');
Insert into KHAWESOME.LOCAL (LOCAL_CODE,CITY_CODE,LOCAL_NAME) values (23060,23,'부평구');
Insert into KHAWESOME.LOCAL (LOCAL_CODE,CITY_CODE,LOCAL_NAME) values (23070,23,'계양구');
Insert into KHAWESOME.LOCAL (LOCAL_CODE,CITY_CODE,LOCAL_NAME) values (23080,23,'서구');
Insert into KHAWESOME.LOCAL (LOCAL_CODE,CITY_CODE,LOCAL_NAME) values (23090,23,'미추홀구');
Insert into KHAWESOME.LOCAL (LOCAL_CODE,CITY_CODE,LOCAL_NAME) values (23310,23,'강화군');
Insert into KHAWESOME.LOCAL (LOCAL_CODE,CITY_CODE,LOCAL_NAME) values (23320,23,'옹진군');
Insert into KHAWESOME.LOCAL (LOCAL_CODE,CITY_CODE,LOCAL_NAME) values (24010,24,'동구');
Insert into KHAWESOME.LOCAL (LOCAL_CODE,CITY_CODE,LOCAL_NAME) values (24020,24,'서구');
Insert into KHAWESOME.LOCAL (LOCAL_CODE,CITY_CODE,LOCAL_NAME) values (24030,24,'남구');
Insert into KHAWESOME.LOCAL (LOCAL_CODE,CITY_CODE,LOCAL_NAME) values (24040,24,'북구');
Insert into KHAWESOME.LOCAL (LOCAL_CODE,CITY_CODE,LOCAL_NAME) values (24050,24,'광산구');
Insert into KHAWESOME.LOCAL (LOCAL_CODE,CITY_CODE,LOCAL_NAME) values (25010,25,'동구');
Insert into KHAWESOME.LOCAL (LOCAL_CODE,CITY_CODE,LOCAL_NAME) values (25020,25,'중구');
Insert into KHAWESOME.LOCAL (LOCAL_CODE,CITY_CODE,LOCAL_NAME) values (25030,25,'서구');
Insert into KHAWESOME.LOCAL (LOCAL_CODE,CITY_CODE,LOCAL_NAME) values (25040,25,'유성구');
Insert into KHAWESOME.LOCAL (LOCAL_CODE,CITY_CODE,LOCAL_NAME) values (25050,25,'대덕구');
Insert into KHAWESOME.LOCAL (LOCAL_CODE,CITY_CODE,LOCAL_NAME) values (26010,26,'중구');
Insert into KHAWESOME.LOCAL (LOCAL_CODE,CITY_CODE,LOCAL_NAME) values (26020,26,'남구');
Insert into KHAWESOME.LOCAL (LOCAL_CODE,CITY_CODE,LOCAL_NAME) values (26030,26,'동구');
Insert into KHAWESOME.LOCAL (LOCAL_CODE,CITY_CODE,LOCAL_NAME) values (26040,26,'북구');
Insert into KHAWESOME.LOCAL (LOCAL_CODE,CITY_CODE,LOCAL_NAME) values (26310,26,'울주군');
Insert into KHAWESOME.LOCAL (LOCAL_CODE,CITY_CODE,LOCAL_NAME) values (31010,31,'수원시');
Insert into KHAWESOME.LOCAL (LOCAL_CODE,CITY_CODE,LOCAL_NAME) values (31020,31,'성남시');
Insert into KHAWESOME.LOCAL (LOCAL_CODE,CITY_CODE,LOCAL_NAME) values (31030,31,'의정부시');
Insert into KHAWESOME.LOCAL (LOCAL_CODE,CITY_CODE,LOCAL_NAME) values (31040,31,'안양시');
Insert into KHAWESOME.LOCAL (LOCAL_CODE,CITY_CODE,LOCAL_NAME) values (31050,31,'부천시');
Insert into KHAWESOME.LOCAL (LOCAL_CODE,CITY_CODE,LOCAL_NAME) values (31060,31,'광명시');
Insert into KHAWESOME.LOCAL (LOCAL_CODE,CITY_CODE,LOCAL_NAME) values (31070,31,'평택시');
Insert into KHAWESOME.LOCAL (LOCAL_CODE,CITY_CODE,LOCAL_NAME) values (31080,31,'동두천시');
Insert into KHAWESOME.LOCAL (LOCAL_CODE,CITY_CODE,LOCAL_NAME) values (31090,31,'안산시');
Insert into KHAWESOME.LOCAL (LOCAL_CODE,CITY_CODE,LOCAL_NAME) values (31100,31,'고양시');
Insert into KHAWESOME.LOCAL (LOCAL_CODE,CITY_CODE,LOCAL_NAME) values (31110,31,'과천시');
Insert into KHAWESOME.LOCAL (LOCAL_CODE,CITY_CODE,LOCAL_NAME) values (31120,31,'구리시');
Insert into KHAWESOME.LOCAL (LOCAL_CODE,CITY_CODE,LOCAL_NAME) values (31130,31,'남양주시');
Insert into KHAWESOME.LOCAL (LOCAL_CODE,CITY_CODE,LOCAL_NAME) values (31140,31,'오산시');
Insert into KHAWESOME.LOCAL (LOCAL_CODE,CITY_CODE,LOCAL_NAME) values (31150,31,'시흥시');
Insert into KHAWESOME.LOCAL (LOCAL_CODE,CITY_CODE,LOCAL_NAME) values (31160,31,'군포시');
Insert into KHAWESOME.LOCAL (LOCAL_CODE,CITY_CODE,LOCAL_NAME) values (31170,31,'의왕시');
Insert into KHAWESOME.LOCAL (LOCAL_CODE,CITY_CODE,LOCAL_NAME) values (31180,31,'하남시');
Insert into KHAWESOME.LOCAL (LOCAL_CODE,CITY_CODE,LOCAL_NAME) values (31190,31,'용인시');
Insert into KHAWESOME.LOCAL (LOCAL_CODE,CITY_CODE,LOCAL_NAME) values (31200,31,'파주시');
Insert into KHAWESOME.LOCAL (LOCAL_CODE,CITY_CODE,LOCAL_NAME) values (31210,31,'이천시');
Insert into KHAWESOME.LOCAL (LOCAL_CODE,CITY_CODE,LOCAL_NAME) values (31220,31,'안성시');
Insert into KHAWESOME.LOCAL (LOCAL_CODE,CITY_CODE,LOCAL_NAME) values (31230,31,'김포시');
Insert into KHAWESOME.LOCAL (LOCAL_CODE,CITY_CODE,LOCAL_NAME) values (31240,31,'화성시');
Insert into KHAWESOME.LOCAL (LOCAL_CODE,CITY_CODE,LOCAL_NAME) values (31250,31,'광주시');
Insert into KHAWESOME.LOCAL (LOCAL_CODE,CITY_CODE,LOCAL_NAME) values (31260,31,'양주시');
Insert into KHAWESOME.LOCAL (LOCAL_CODE,CITY_CODE,LOCAL_NAME) values (31270,31,'포천시');
Insert into KHAWESOME.LOCAL (LOCAL_CODE,CITY_CODE,LOCAL_NAME) values (31280,31,'여주시');
Insert into KHAWESOME.LOCAL (LOCAL_CODE,CITY_CODE,LOCAL_NAME) values (32010,32,'춘천시');
Insert into KHAWESOME.LOCAL (LOCAL_CODE,CITY_CODE,LOCAL_NAME) values (32020,32,'원주시');
Insert into KHAWESOME.LOCAL (LOCAL_CODE,CITY_CODE,LOCAL_NAME) values (32030,32,'강릉시');
Insert into KHAWESOME.LOCAL (LOCAL_CODE,CITY_CODE,LOCAL_NAME) values (32040,32,'동해시');
Insert into KHAWESOME.LOCAL (LOCAL_CODE,CITY_CODE,LOCAL_NAME) values (32050,32,'태백시');
Insert into KHAWESOME.LOCAL (LOCAL_CODE,CITY_CODE,LOCAL_NAME) values (32060,32,'속초시');
Insert into KHAWESOME.LOCAL (LOCAL_CODE,CITY_CODE,LOCAL_NAME) values (32070,32,'삼척시');
Insert into KHAWESOME.LOCAL (LOCAL_CODE,CITY_CODE,LOCAL_NAME) values (33020,33,'충주시');
Insert into KHAWESOME.LOCAL (LOCAL_CODE,CITY_CODE,LOCAL_NAME) values (33030,33,'제천시');
Insert into KHAWESOME.LOCAL (LOCAL_CODE,CITY_CODE,LOCAL_NAME) values (33040,33,'청주시');
Insert into KHAWESOME.LOCAL (LOCAL_CODE,CITY_CODE,LOCAL_NAME) values (34010,34,'천안시');
Insert into KHAWESOME.LOCAL (LOCAL_CODE,CITY_CODE,LOCAL_NAME) values (34020,34,'공주시');
Insert into KHAWESOME.LOCAL (LOCAL_CODE,CITY_CODE,LOCAL_NAME) values (34030,34,'보령시');
Insert into KHAWESOME.LOCAL (LOCAL_CODE,CITY_CODE,LOCAL_NAME) values (34040,34,'아산시');
Insert into KHAWESOME.LOCAL (LOCAL_CODE,CITY_CODE,LOCAL_NAME) values (34050,34,'서산시');
Insert into KHAWESOME.LOCAL (LOCAL_CODE,CITY_CODE,LOCAL_NAME) values (34060,34,'논산시');
Insert into KHAWESOME.LOCAL (LOCAL_CODE,CITY_CODE,LOCAL_NAME) values (34070,34,'계룡시');
Insert into KHAWESOME.LOCAL (LOCAL_CODE,CITY_CODE,LOCAL_NAME) values (34080,34,'당진시');
Insert into KHAWESOME.LOCAL (LOCAL_CODE,CITY_CODE,LOCAL_NAME) values (35010,35,'전주시');
Insert into KHAWESOME.LOCAL (LOCAL_CODE,CITY_CODE,LOCAL_NAME) values (35020,35,'군산시');
Insert into KHAWESOME.LOCAL (LOCAL_CODE,CITY_CODE,LOCAL_NAME) values (35030,35,'익산시');
Insert into KHAWESOME.LOCAL (LOCAL_CODE,CITY_CODE,LOCAL_NAME) values (35040,35,'정읍시');
Insert into KHAWESOME.LOCAL (LOCAL_CODE,CITY_CODE,LOCAL_NAME) values (35050,35,'남원시');
Insert into KHAWESOME.LOCAL (LOCAL_CODE,CITY_CODE,LOCAL_NAME) values (35060,35,'김제시');
Insert into KHAWESOME.LOCAL (LOCAL_CODE,CITY_CODE,LOCAL_NAME) values (36010,36,'목포시');
Insert into KHAWESOME.LOCAL (LOCAL_CODE,CITY_CODE,LOCAL_NAME) values (36020,36,'여수시');
Insert into KHAWESOME.LOCAL (LOCAL_CODE,CITY_CODE,LOCAL_NAME) values (36030,36,'순천시');
Insert into KHAWESOME.LOCAL (LOCAL_CODE,CITY_CODE,LOCAL_NAME) values (36040,36,'나주시');
Insert into KHAWESOME.LOCAL (LOCAL_CODE,CITY_CODE,LOCAL_NAME) values (36060,36,'광양시');
Insert into KHAWESOME.LOCAL (LOCAL_CODE,CITY_CODE,LOCAL_NAME) values (37010,37,'포항시');
Insert into KHAWESOME.LOCAL (LOCAL_CODE,CITY_CODE,LOCAL_NAME) values (37020,37,'경주시');
Insert into KHAWESOME.LOCAL (LOCAL_CODE,CITY_CODE,LOCAL_NAME) values (37030,37,'김천시');
Insert into KHAWESOME.LOCAL (LOCAL_CODE,CITY_CODE,LOCAL_NAME) values (37040,37,'안동시');
Insert into KHAWESOME.LOCAL (LOCAL_CODE,CITY_CODE,LOCAL_NAME) values (37050,37,'구미시');
Insert into KHAWESOME.LOCAL (LOCAL_CODE,CITY_CODE,LOCAL_NAME) values (37060,37,'영주시');
Insert into KHAWESOME.LOCAL (LOCAL_CODE,CITY_CODE,LOCAL_NAME) values (37070,37,'영천시');
Insert into KHAWESOME.LOCAL (LOCAL_CODE,CITY_CODE,LOCAL_NAME) values (37080,37,'상주시');
Insert into KHAWESOME.LOCAL (LOCAL_CODE,CITY_CODE,LOCAL_NAME) values (37090,37,'문경시');
Insert into KHAWESOME.LOCAL (LOCAL_CODE,CITY_CODE,LOCAL_NAME) values (37100,37,'경산시');
Insert into KHAWESOME.LOCAL (LOCAL_CODE,CITY_CODE,LOCAL_NAME) values (38110,38,'창원시');
Insert into KHAWESOME.LOCAL (LOCAL_CODE,CITY_CODE,LOCAL_NAME) values (38030,38,'진주시');
Insert into KHAWESOME.LOCAL (LOCAL_CODE,CITY_CODE,LOCAL_NAME) values (38050,38,'통영시');
Insert into KHAWESOME.LOCAL (LOCAL_CODE,CITY_CODE,LOCAL_NAME) values (38060,38,'사천시');
Insert into KHAWESOME.LOCAL (LOCAL_CODE,CITY_CODE,LOCAL_NAME) values (38070,38,'김해시');
Insert into KHAWESOME.LOCAL (LOCAL_CODE,CITY_CODE,LOCAL_NAME) values (38080,38,'밀양시');
Insert into KHAWESOME.LOCAL (LOCAL_CODE,CITY_CODE,LOCAL_NAME) values (38090,38,'거제시');
Insert into KHAWESOME.LOCAL (LOCAL_CODE,CITY_CODE,LOCAL_NAME) values (38100,38,'양산시');
Insert into KHAWESOME.LOCAL (LOCAL_CODE,CITY_CODE,LOCAL_NAME) values (39010,39,'제주시');
Insert into KHAWESOME.LOCAL (LOCAL_CODE,CITY_CODE,LOCAL_NAME) values (39020,39,'서귀포시');
REM INSERTING into KHAWESOME.MATCHING_JOIN_MEMBER
SET DEFINE OFF;
Insert into KHAWESOME.MATCHING_JOIN_MEMBER (MATCH_NO,MEMBER_CODE,JOIN_CHECK,PERMIT_CHECK) values (163,306,'Y','Y');
Insert into KHAWESOME.MATCHING_JOIN_MEMBER (MATCH_NO,MEMBER_CODE,JOIN_CHECK,PERMIT_CHECK) values (161,317,'Y','Y');
Insert into KHAWESOME.MATCHING_JOIN_MEMBER (MATCH_NO,MEMBER_CODE,JOIN_CHECK,PERMIT_CHECK) values (161,316,'Y','Y');
Insert into KHAWESOME.MATCHING_JOIN_MEMBER (MATCH_NO,MEMBER_CODE,JOIN_CHECK,PERMIT_CHECK) values (161,291,'Y','Y');
REM INSERTING into KHAWESOME.MATCH_MANAGER
SET DEFINE OFF;
Insert into KHAWESOME.MATCH_MANAGER (MATCH_NO,MATCH_TITLE,MEMBER_CODE,INTERESTING_CODE,LOCAL_CODE,PLACE_NAME,PLACE_LAT,PLACE_LNG,MATCHING_TYPE,MATCH_CONTENT,MATCH_ORIGINAL_IMG,MATCH_RENAMED_IMG,MATCH_WRITE_DATE,MATCH_END_DATE) values (161,'서울 관악구',306,22,11210,null,0,0,'L','				관악구 음식점
				',null,null,to_date('19/07/28','RR/MM/DD'),to_date('19/07/31','RR/MM/DD'));
Insert into KHAWESOME.MATCH_MANAGER (MATCH_NO,MATCH_TITLE,MEMBER_CODE,INTERESTING_CODE,LOCAL_CODE,PLACE_NAME,PLACE_LAT,PLACE_LNG,MATCHING_TYPE,MATCH_CONTENT,MATCH_ORIGINAL_IMG,MATCH_RENAMED_IMG,MATCH_WRITE_DATE,MATCH_END_DATE) values (101,'강남역 갓덴스시',124,0,11230,'갓덴스시 강남점',314345,544512,'L','강남점','Jellyfish.jpg','20190723_1414040510_683.jpg',to_date('19/07/23','RR/MM/DD'),to_date('19/07/25','RR/MM/DD'));
Insert into KHAWESOME.MATCH_MANAGER (MATCH_NO,MATCH_TITLE,MEMBER_CODE,INTERESTING_CODE,LOCAL_CODE,PLACE_NAME,PLACE_LAT,PLACE_LNG,MATCHING_TYPE,MATCH_CONTENT,MATCH_ORIGINAL_IMG,MATCH_RENAMED_IMG,MATCH_WRITE_DATE,MATCH_END_DATE) values (122,'두번째입니다',1,9999,999999,'강남역 2호선',314218,544426,'C','클럽일정테스트',null,null,to_date('19/07/23','RR/MM/DD'),to_date('19/07/02','RR/MM/DD'));
Insert into KHAWESOME.MATCH_MANAGER (MATCH_NO,MATCH_TITLE,MEMBER_CODE,INTERESTING_CODE,LOCAL_CODE,PLACE_NAME,PLACE_LAT,PLACE_LNG,MATCHING_TYPE,MATCH_CONTENT,MATCH_ORIGINAL_IMG,MATCH_RENAMED_IMG,MATCH_WRITE_DATE,MATCH_END_DATE) values (125,'ㅁㄴㅇㄻㄴㅇㄹㅋㅋㅋㅋ',1,9999,999999,'안동역 중앙선',465802,440457,'C','클럽일정테스트',null,null,to_date('19/07/23','RR/MM/DD'),to_date('19/07/24','RR/MM/DD'));
Insert into KHAWESOME.MATCH_MANAGER (MATCH_NO,MATCH_TITLE,MEMBER_CODE,INTERESTING_CODE,LOCAL_CODE,PLACE_NAME,PLACE_LAT,PLACE_LNG,MATCHING_TYPE,MATCH_CONTENT,MATCH_ORIGINAL_IMG,MATCH_RENAMED_IMG,MATCH_WRITE_DATE,MATCH_END_DATE) values (121,'테스트입력',1,9999,999999,'역삼역 2호선',315046,544735,'C','클럽일정테스트',null,null,to_date('19/07/23','RR/MM/DD'),to_date('19/07/03','RR/MM/DD'));
Insert into KHAWESOME.MATCH_MANAGER (MATCH_NO,MATCH_TITLE,MEMBER_CODE,INTERESTING_CODE,LOCAL_CODE,PLACE_NAME,PLACE_LAT,PLACE_LNG,MATCHING_TYPE,MATCH_CONTENT,MATCH_ORIGINAL_IMG,MATCH_RENAMED_IMG,MATCH_WRITE_DATE,MATCH_END_DATE) values (126,'언주역에서 봅시다',1,10,999999,'언주역 9호선',314784,545460,'C','클럽일정테스트',null,null,to_date('19/07/23','RR/MM/DD'),to_date('19/07/04','RR/MM/DD'));
Insert into KHAWESOME.MATCH_MANAGER (MATCH_NO,MATCH_TITLE,MEMBER_CODE,INTERESTING_CODE,LOCAL_CODE,PLACE_NAME,PLACE_LAT,PLACE_LNG,MATCHING_TYPE,MATCH_CONTENT,MATCH_ORIGINAL_IMG,MATCH_RENAMED_IMG,MATCH_WRITE_DATE,MATCH_END_DATE) values (162,'서울 강남',306,1,11230,null,0,0,'L','야간 운동',null,null,to_date('19/07/28','RR/MM/DD'),to_date('19/07/31','RR/MM/DD'));
Insert into KHAWESOME.MATCH_MANAGER (MATCH_NO,MATCH_TITLE,MEMBER_CODE,INTERESTING_CODE,LOCAL_CODE,PLACE_NAME,PLACE_LAT,PLACE_LNG,MATCHING_TYPE,MATCH_CONTENT,MATCH_ORIGINAL_IMG,MATCH_RENAMED_IMG,MATCH_WRITE_DATE,MATCH_END_DATE) values (163,'팽~귄',291,22,31040,'안양시청주차장',307881,532922,'L','배낭 준비해서 모이기','Penguins.jpg','20190729_1428240536_894.jpg',to_date('19/07/29','RR/MM/DD'),to_date('19/08/21','RR/MM/DD'));
Insert into KHAWESOME.MATCH_MANAGER (MATCH_NO,MATCH_TITLE,MEMBER_CODE,INTERESTING_CODE,LOCAL_CODE,PLACE_NAME,PLACE_LAT,PLACE_LNG,MATCHING_TYPE,MATCH_CONTENT,MATCH_ORIGINAL_IMG,MATCH_RENAMED_IMG,MATCH_WRITE_DATE,MATCH_END_DATE) values (102,'클럽일정테스트1',1,9999,999999,'광명동굴',299851,536638,'C','클럽일정테스트',null,null,to_date('19/07/23','RR/MM/DD'),to_date('19/10/05','RR/MM/DD'));
Insert into KHAWESOME.MATCH_MANAGER (MATCH_NO,MATCH_TITLE,MEMBER_CODE,INTERESTING_CODE,LOCAL_CODE,PLACE_NAME,PLACE_LAT,PLACE_LNG,MATCHING_TYPE,MATCH_CONTENT,MATCH_ORIGINAL_IMG,MATCH_RENAMED_IMG,MATCH_WRITE_DATE,MATCH_END_DATE) values (143,'모임입니다.',1,53,999999,'역삼역 2호선',315046,544735,'C','클럽일정테스트',null,null,to_date('19/07/27','RR/MM/DD'),to_date('19/01/01','RR/MM/DD'));
Insert into KHAWESOME.MATCH_MANAGER (MATCH_NO,MATCH_TITLE,MEMBER_CODE,INTERESTING_CODE,LOCAL_CODE,PLACE_NAME,PLACE_LAT,PLACE_LNG,MATCHING_TYPE,MATCH_CONTENT,MATCH_ORIGINAL_IMG,MATCH_RENAMED_IMG,MATCH_WRITE_DATE,MATCH_END_DATE) values (81,'서울지역1',124,21,0,'탐앤탐스 블랙 청계광장점',0,0,'L','커피한잔','20180422_174924429_849.jpg','20190722_1020030268_980.jpg',to_date('19/07/22','RR/MM/DD'),to_date('19/07/25','RR/MM/DD'));
Insert into KHAWESOME.MATCH_MANAGER (MATCH_NO,MATCH_TITLE,MEMBER_CODE,INTERESTING_CODE,LOCAL_CODE,PLACE_NAME,PLACE_LAT,PLACE_LNG,MATCHING_TYPE,MATCH_CONTENT,MATCH_ORIGINAL_IMG,MATCH_RENAMED_IMG,MATCH_WRITE_DATE,MATCH_END_DATE) values (82,'서울지역2',124,23,11230,'코엑스',317045,545919,'L','쇼핑','20180422_174856071_779.jpg','20190722_1029310875_481.jpg',to_date('19/07/22','RR/MM/DD'),to_date('19/07/24','RR/MM/DD'));
Insert into KHAWESOME.MATCH_MANAGER (MATCH_NO,MATCH_TITLE,MEMBER_CODE,INTERESTING_CODE,LOCAL_CODE,PLACE_NAME,PLACE_LAT,PLACE_LNG,MATCHING_TYPE,MATCH_CONTENT,MATCH_ORIGINAL_IMG,MATCH_RENAMED_IMG,MATCH_WRITE_DATE,MATCH_END_DATE) values (128,'부산 중구',124,0,21010,null,0,0,'L','부산중구',null,null,to_date('19/07/25','RR/MM/DD'),to_date('19/07/10','RR/MM/DD'));
Insert into KHAWESOME.MATCH_MANAGER (MATCH_NO,MATCH_TITLE,MEMBER_CODE,INTERESTING_CODE,LOCAL_CODE,PLACE_NAME,PLACE_LAT,PLACE_LNG,MATCHING_TYPE,MATCH_CONTENT,MATCH_ORIGINAL_IMG,MATCH_RENAMED_IMG,MATCH_WRITE_DATE,MATCH_END_DATE) values (129,'부산 동래구',124,21,21060,null,0,0,'L','부산 동래구 저녁식사',null,null,to_date('19/07/25','RR/MM/DD'),to_date('19/07/27','RR/MM/DD'));
REM INSERTING into KHAWESOME.MEMBER
SET DEFINE OFF;
Insert into KHAWESOME.MEMBER (MEMBER_CODE,MEMBER_ID,NICKNAME,PASSWORD,MEMBER_NAME,BIRTHDAY,PHONE,GENDER,PROFILE,RENAMED_PROFILE,BLIND_DATE_OPEN,FRIEND_OPEN,SEARCH_OPEN,INTRODUCE,VERIFY,ENROLL_DATE) values (308,'ab@gmail.com','ab','123123123','김연수',to_date('89/01/10','RR/MM/DD'),'01012341234','F','joy.jpg','joy.jpg','Y','Y','Y','안녕하세요. 치맥친구 찾아요. ','M',to_date('19/07/26','RR/MM/DD'));
Insert into KHAWESOME.MEMBER (MEMBER_CODE,MEMBER_ID,NICKNAME,PASSWORD,MEMBER_NAME,BIRTHDAY,PHONE,GENDER,PROFILE,RENAMED_PROFILE,BLIND_DATE_OPEN,FRIEND_OPEN,SEARCH_OPEN,INTRODUCE,VERIFY,ENROLL_DATE) values (309,'abc@gmail.com','abc','123123123','김수연',to_date('91/01/10','RR/MM/DD'),'01012341234','F','jeny.jpg','jeny.jpg','Y','Y','Y','안녕하세요. 반갑습니다.  ','M',to_date('19/07/26','RR/MM/DD'));
Insert into KHAWESOME.MEMBER (MEMBER_CODE,MEMBER_ID,NICKNAME,PASSWORD,MEMBER_NAME,BIRTHDAY,PHONE,GENDER,PROFILE,RENAMED_PROFILE,BLIND_DATE_OPEN,FRIEND_OPEN,SEARCH_OPEN,INTRODUCE,VERIFY,ENROLL_DATE) values (266,'testid1@gmail.com','young1','123123123','김희영',to_date('92/01/10','RR/MM/DD'),'01012341234','F','party2.jpg','joy.jpg','Y','Y','Y','안녕하세요','M',to_date('19/07/23','RR/MM/DD'));
Insert into KHAWESOME.MEMBER (MEMBER_CODE,MEMBER_ID,NICKNAME,PASSWORD,MEMBER_NAME,BIRTHDAY,PHONE,GENDER,PROFILE,RENAMED_PROFILE,BLIND_DATE_OPEN,FRIEND_OPEN,SEARCH_OPEN,INTRODUCE,VERIFY,ENROLL_DATE) values (281,'testid4@gmail.com','young4','123123123','박수아',to_date('90/01/12','RR/MM/DD'),'01012341234','F','party2.jpg','wendy.jpg','Y','Y','Y','안녕하세요','M',to_date('19/07/23','RR/MM/DD'));
Insert into KHAWESOME.MEMBER (MEMBER_CODE,MEMBER_ID,NICKNAME,PASSWORD,MEMBER_NAME,BIRTHDAY,PHONE,GENDER,PROFILE,RENAMED_PROFILE,BLIND_DATE_OPEN,FRIEND_OPEN,SEARCH_OPEN,INTRODUCE,VERIFY,ENROLL_DATE) values (282,'testid5@gmail.com','young5','123123123','김진아',to_date('89/01/10','RR/MM/DD'),'01012341234','M','party2.jpg','js.jpg','Y','Y','Y','안녕하세요','M',to_date('19/07/23','RR/MM/DD'));
Insert into KHAWESOME.MEMBER (MEMBER_CODE,MEMBER_ID,NICKNAME,PASSWORD,MEMBER_NAME,BIRTHDAY,PHONE,GENDER,PROFILE,RENAMED_PROFILE,BLIND_DATE_OPEN,FRIEND_OPEN,SEARCH_OPEN,INTRODUCE,VERIFY,ENROLL_DATE) values (283,'testid6@gmail.com','young6','123123123','이민수',to_date('93/01/10','RR/MM/DD'),'01012341234','M','party2.jpg','v.jpg','Y','Y','Y','안녕하세요','M',to_date('19/07/23','RR/MM/DD'));
Insert into KHAWESOME.MEMBER (MEMBER_CODE,MEMBER_ID,NICKNAME,PASSWORD,MEMBER_NAME,BIRTHDAY,PHONE,GENDER,PROFILE,RENAMED_PROFILE,BLIND_DATE_OPEN,FRIEND_OPEN,SEARCH_OPEN,INTRODUCE,VERIFY,ENROLL_DATE) values (284,'testid7@gmail.com','young7','123123123','민영철',to_date('98/01/10','RR/MM/DD'),'01012341234','M','party2.jpg','c.jpg','Y','Y','Y','안녕하세요','M',to_date('19/07/23','RR/MM/DD'));
Insert into KHAWESOME.MEMBER (MEMBER_CODE,MEMBER_ID,NICKNAME,PASSWORD,MEMBER_NAME,BIRTHDAY,PHONE,GENDER,PROFILE,RENAMED_PROFILE,BLIND_DATE_OPEN,FRIEND_OPEN,SEARCH_OPEN,INTRODUCE,VERIFY,ENROLL_DATE) values (285,'testid8@gmail.com','young8','123123123','김갑수',to_date('95/01/10','RR/MM/DD'),'01012341234','M','party2.jpg','party4.jpg','Y','Y','Y','안녕하세요','M',to_date('19/07/23','RR/MM/DD'));
Insert into KHAWESOME.MEMBER (MEMBER_CODE,MEMBER_ID,NICKNAME,PASSWORD,MEMBER_NAME,BIRTHDAY,PHONE,GENDER,PROFILE,RENAMED_PROFILE,BLIND_DATE_OPEN,FRIEND_OPEN,SEARCH_OPEN,INTRODUCE,VERIFY,ENROLL_DATE) values (286,'testid9@gmail.com','young9','123123123','김이영',to_date('02/01/10','RR/MM/DD'),'01012341234','M','party2.jpg','k.jpg','Y','Y','Y','안녕하세요','M',to_date('19/07/23','RR/MM/DD'));
Insert into KHAWESOME.MEMBER (MEMBER_CODE,MEMBER_ID,NICKNAME,PASSWORD,MEMBER_NAME,BIRTHDAY,PHONE,GENDER,PROFILE,RENAMED_PROFILE,BLIND_DATE_OPEN,FRIEND_OPEN,SEARCH_OPEN,INTRODUCE,VERIFY,ENROLL_DATE) values (287,'testid10@gmail.com','young10','123123123','김희철',to_date('00/06/10','RR/MM/DD'),'01012341234','M','party2.jpg','m.jpg','Y','Y','Y','안녕하세요','M',to_date('19/07/23','RR/MM/DD'));
Insert into KHAWESOME.MEMBER (MEMBER_CODE,MEMBER_ID,NICKNAME,PASSWORD,MEMBER_NAME,BIRTHDAY,PHONE,GENDER,PROFILE,RENAMED_PROFILE,BLIND_DATE_OPEN,FRIEND_OPEN,SEARCH_OPEN,INTRODUCE,VERIFY,ENROLL_DATE) values (288,'testid11@gmail.com','young11','123123123','김현철',to_date('85/01/10','RR/MM/DD'),'01012341234','M','party2.jpg','aoi.jpg','Y','Y','Y','안녕하세요','M',to_date('19/07/23','RR/MM/DD'));
Insert into KHAWESOME.MEMBER (MEMBER_CODE,MEMBER_ID,NICKNAME,PASSWORD,MEMBER_NAME,BIRTHDAY,PHONE,GENDER,PROFILE,RENAMED_PROFILE,BLIND_DATE_OPEN,FRIEND_OPEN,SEARCH_OPEN,INTRODUCE,VERIFY,ENROLL_DATE) values (289,'testid12@gmail.com','young12','123123123','김철수',to_date('83/01/10','RR/MM/DD'),'01012341234','M','party2.jpg','j.jpg','Y','Y','Y','안녕하세요','M',to_date('19/07/23','RR/MM/DD'));
Insert into KHAWESOME.MEMBER (MEMBER_CODE,MEMBER_ID,NICKNAME,PASSWORD,MEMBER_NAME,BIRTHDAY,PHONE,GENDER,PROFILE,RENAMED_PROFILE,BLIND_DATE_OPEN,FRIEND_OPEN,SEARCH_OPEN,INTRODUCE,VERIFY,ENROLL_DATE) values (290,'testid13@gmail.com','young13','123123123','박문남',to_date('94/01/10','RR/MM/DD'),'01012341234','M','party2.jpg','20190723_135501337_31.jpg','Y','Y','Y','안녕하세요','M',to_date('19/07/23','RR/MM/DD'));
Insert into KHAWESOME.MEMBER (MEMBER_CODE,MEMBER_ID,NICKNAME,PASSWORD,MEMBER_NAME,BIRTHDAY,PHONE,GENDER,PROFILE,RENAMED_PROFILE,BLIND_DATE_OPEN,FRIEND_OPEN,SEARCH_OPEN,INTRODUCE,VERIFY,ENROLL_DATE) values (307,'admin@gmail.com','admin','123123123','어드민',to_date('93/01/10','RR/MM/DD'),'01012341234','F','1.jpg','1.jpg','Y','Y','Y','안녕하세요. 관리자 입니다. ','A',to_date('19/07/26','RR/MM/DD'));
Insert into KHAWESOME.MEMBER (MEMBER_CODE,MEMBER_ID,NICKNAME,PASSWORD,MEMBER_NAME,BIRTHDAY,PHONE,GENDER,PROFILE,RENAMED_PROFILE,BLIND_DATE_OPEN,FRIEND_OPEN,SEARCH_OPEN,INTRODUCE,VERIFY,ENROLL_DATE) values (310,'abcd@gmail.com','abcd','123123123','민지홍',to_date('92/01/10','RR/MM/DD'),'01012341234','F','y.jpg','y.jpg','Y','Y','Y','안녕하세요. 반갑습니다. ','M',to_date('19/07/26','RR/MM/DD'));
Insert into KHAWESOME.MEMBER (MEMBER_CODE,MEMBER_ID,NICKNAME,PASSWORD,MEMBER_NAME,BIRTHDAY,PHONE,GENDER,PROFILE,RENAMED_PROFILE,BLIND_DATE_OPEN,FRIEND_OPEN,SEARCH_OPEN,INTRODUCE,VERIFY,ENROLL_DATE) values (311,'abcde@gmail.com','abcde','123123123','이희영',to_date('95/01/10','RR/MM/DD'),'01012341234','F','lisa.jpg','lisa.jpg','Y','Y','Y','안녕하세요. 반갑습니다.  ','M',to_date('19/07/26','RR/MM/DD'));
Insert into KHAWESOME.MEMBER (MEMBER_CODE,MEMBER_ID,NICKNAME,PASSWORD,MEMBER_NAME,BIRTHDAY,PHONE,GENDER,PROFILE,RENAMED_PROFILE,BLIND_DATE_OPEN,FRIEND_OPEN,SEARCH_OPEN,INTRODUCE,VERIFY,ENROLL_DATE) values (312,'abd2@gmail.com','abc2','123123123','박수진',to_date('96/01/10','RR/MM/DD'),'01012341234','F','15.jpg','jeny.jpg','Y','Y','Y','안녕하세요. 반갑습니다.  ','M',to_date('19/07/26','RR/MM/DD'));
Insert into KHAWESOME.MEMBER (MEMBER_CODE,MEMBER_ID,NICKNAME,PASSWORD,MEMBER_NAME,BIRTHDAY,PHONE,GENDER,PROFILE,RENAMED_PROFILE,BLIND_DATE_OPEN,FRIEND_OPEN,SEARCH_OPEN,INTRODUCE,VERIFY,ENROLL_DATE) values (313,'asdf@gmail.com','a4bcd','123123123','민요은',to_date('98/01/10','RR/MM/DD'),'01012341234','F','17.jpg','17.jpg','Y','Y','Y','안녕하세요. 반갑습니다.  ','M',to_date('19/07/26','RR/MM/DD'));
Insert into KHAWESOME.MEMBER (MEMBER_CODE,MEMBER_ID,NICKNAME,PASSWORD,MEMBER_NAME,BIRTHDAY,PHONE,GENDER,PROFILE,RENAMED_PROFILE,BLIND_DATE_OPEN,FRIEND_OPEN,SEARCH_OPEN,INTRODUCE,VERIFY,ENROLL_DATE) values (314,'z@gmail.com','zxc3v','123123123','socool7',to_date('90/01/10','RR/MM/DD'),'01012341234','F','11.jpg','11.jpg','Y','Y','Y','안녕하세요. 반갑습니다. . ','M',to_date('19/07/26','RR/MM/DD'));
Insert into KHAWESOME.MEMBER (MEMBER_CODE,MEMBER_ID,NICKNAME,PASSWORD,MEMBER_NAME,BIRTHDAY,PHONE,GENDER,PROFILE,RENAMED_PROFILE,BLIND_DATE_OPEN,FRIEND_OPEN,SEARCH_OPEN,INTRODUCE,VERIFY,ENROLL_DATE) values (315,'zx@gmail.com','zxcfv','123123123','김우수',to_date('91/01/10','RR/MM/DD'),'01012341234','F','12.jpg','12.png','Y','Y','Y','안녕하세요. 반갑습니다. . ','M',to_date('19/07/26','RR/MM/DD'));
Insert into KHAWESOME.MEMBER (MEMBER_CODE,MEMBER_ID,NICKNAME,PASSWORD,MEMBER_NAME,BIRTHDAY,PHONE,GENDER,PROFILE,RENAMED_PROFILE,BLIND_DATE_OPEN,FRIEND_OPEN,SEARCH_OPEN,INTRODUCE,VERIFY,ENROLL_DATE) values (316,'zxc@gmail.com','zxcdv','123123123','나현희',to_date('92/01/10','RR/MM/DD'),'01012341234','F','13.jpg','12.png','Y','Y','Y','안녕하세요. 반갑습니다. . ','M',to_date('19/07/26','RR/MM/DD'));
Insert into KHAWESOME.MEMBER (MEMBER_CODE,MEMBER_ID,NICKNAME,PASSWORD,MEMBER_NAME,BIRTHDAY,PHONE,GENDER,PROFILE,RENAMED_PROFILE,BLIND_DATE_OPEN,FRIEND_OPEN,SEARCH_OPEN,INTRODUCE,VERIFY,ENROLL_DATE) values (317,'zsxcv@gmail.com','zsxcv','123123123','김민효',to_date('93/01/10','RR/MM/DD'),'01012341234','F','14.jpg','14.jpg','Y','Y','Y','안녕하세요. 반갑습니다. . ','M',to_date('19/07/26','RR/MM/DD'));
Insert into KHAWESOME.MEMBER (MEMBER_CODE,MEMBER_ID,NICKNAME,PASSWORD,MEMBER_NAME,BIRTHDAY,PHONE,GENDER,PROFILE,RENAMED_PROFILE,BLIND_DATE_OPEN,FRIEND_OPEN,SEARCH_OPEN,INTRODUCE,VERIFY,ENROLL_DATE) values (362,'star@naver.com','asddd','$2a$10$np9PQe2RNV9.g8M07JM6YulpwFm89CjDoQDsNlXmpA9ncUfz2/HLe','kk',to_date('19/07/04','RR/MM/DD'),'01025379426','M','KakaoTalk_20190705_091331882.jpg','20190729_125647429_126.jpg','N','N','N','<p>das</p>','M',to_date('19/07/29','RR/MM/DD'));
Insert into KHAWESOME.MEMBER (MEMBER_CODE,MEMBER_ID,NICKNAME,PASSWORD,MEMBER_NAME,BIRTHDAY,PHONE,GENDER,PROFILE,RENAMED_PROFILE,BLIND_DATE_OPEN,FRIEND_OPEN,SEARCH_OPEN,INTRODUCE,VERIFY,ENROLL_DATE) values (291,'anyangseo19@naver.com','geecom','$2a$10$waMEBYeyF.8xQnVmLtDg1ekfmNeduVSbAC2X15IRPQNmxaOU0JgHS','형진우',to_date('88/11/17','RR/MM/DD'),'01080048517','M','너굴맨.jpg','20190724_123933834_143.jpg','N','Y','N','<p>ㅋㄷㅋㄷ접니다요</p>','M',to_date('19/07/24','RR/MM/DD'));
Insert into KHAWESOME.MEMBER (MEMBER_CODE,MEMBER_ID,NICKNAME,PASSWORD,MEMBER_NAME,BIRTHDAY,PHONE,GENDER,PROFILE,RENAMED_PROFILE,BLIND_DATE_OPEN,FRIEND_OPEN,SEARCH_OPEN,INTRODUCE,VERIFY,ENROLL_DATE) values (306,'myeongyolee@gmail.com','myeongyo','$2a$10$xIhHdpMJwqhf26tw2vWZVuaspoBy2NTU1EPbxdT8l/bJHU/dGQw3S','이명요',to_date('92/09/15','RR/MM/DD'),'01030855647','M','Koala.jpg','20190726_125406226_864.jpg','N','Y','N','<p>테스트</p>','M',to_date('19/07/26','RR/MM/DD'));
Insert into KHAWESOME.MEMBER (MEMBER_CODE,MEMBER_ID,NICKNAME,PASSWORD,MEMBER_NAME,BIRTHDAY,PHONE,GENDER,PROFILE,RENAMED_PROFILE,BLIND_DATE_OPEN,FRIEND_OPEN,SEARCH_OPEN,INTRODUCE,VERIFY,ENROLL_DATE) values (343,'yyongpall@gmail.com','BinS','$2a$10$fQADJK0HDacJ0gCmaUPg/eh5sgSmccRq4qPfPLtffq1g1vUuIQdZi','김용빈',to_date('87/05/12','RR/MM/DD'),'01089721172','M','20190718_164653479_920.jpg','20190728_181729246_301.jpg','N','N','N','<p>ㅁㄴㅇㅁㄴㅇㅁㅇㄴ</p>','M',to_date('19/07/28','RR/MM/DD'));
Insert into KHAWESOME.MEMBER (MEMBER_CODE,MEMBER_ID,NICKNAME,PASSWORD,MEMBER_NAME,BIRTHDAY,PHONE,GENDER,PROFILE,RENAMED_PROFILE,BLIND_DATE_OPEN,FRIEND_OPEN,SEARCH_OPEN,INTRODUCE,VERIFY,ENROLL_DATE) values (321,'tlwns1@naver.com','joon1','$2a$10$LON9hb09Sl482TS0OCEl9OUY0nakqp7HeX8zsHz5p6zHfcSzEmdBm','김시준',to_date('92/11/06','RR/MM/DD'),'01028091727','M','원빈.PNG','원빈.PNG','Y','Y','Y','안녕하세요.클럽테스트입니다.','M',to_date('19/07/27','RR/MM/DD'));
Insert into KHAWESOME.MEMBER (MEMBER_CODE,MEMBER_ID,NICKNAME,PASSWORD,MEMBER_NAME,BIRTHDAY,PHONE,GENDER,PROFILE,RENAMED_PROFILE,BLIND_DATE_OPEN,FRIEND_OPEN,SEARCH_OPEN,INTRODUCE,VERIFY,ENROLL_DATE) values (322,'tlwns2@naver.com','joon2','$2a$10$LON9hb09Sl482TS0OCEl9OUY0nakqp7HeX8zsHz5p6zHfcSzEmdBm','김시준',to_date('92/11/06','RR/MM/DD'),'01028091727','M','원빈.PNG','원빈.PNG','Y','Y','Y','안녕하세요.클럽테스트입니다.','M',to_date('19/07/27','RR/MM/DD'));
Insert into KHAWESOME.MEMBER (MEMBER_CODE,MEMBER_ID,NICKNAME,PASSWORD,MEMBER_NAME,BIRTHDAY,PHONE,GENDER,PROFILE,RENAMED_PROFILE,BLIND_DATE_OPEN,FRIEND_OPEN,SEARCH_OPEN,INTRODUCE,VERIFY,ENROLL_DATE) values (323,'tlwns3@naver.com','joon3','$2a$10$LON9hb09Sl482TS0OCEl9OUY0nakqp7HeX8zsHz5p6zHfcSzEmdBm','김시준',to_date('92/11/06','RR/MM/DD'),'01028091727','M','원빈.PNG','원빈.PNG','Y','Y','Y','안녕하세요.클럽테스트입니다.','M',to_date('19/07/27','RR/MM/DD'));
Insert into KHAWESOME.MEMBER (MEMBER_CODE,MEMBER_ID,NICKNAME,PASSWORD,MEMBER_NAME,BIRTHDAY,PHONE,GENDER,PROFILE,RENAMED_PROFILE,BLIND_DATE_OPEN,FRIEND_OPEN,SEARCH_OPEN,INTRODUCE,VERIFY,ENROLL_DATE) values (324,'tlwns4@naver.com','joon4','$2a$10$LON9hb09Sl482TS0OCEl9OUY0nakqp7HeX8zsHz5p6zHfcSzEmdBm','김시준',to_date('92/11/06','RR/MM/DD'),'01028091727','M','원빈.PNG','원빈.PNG','Y','Y','Y','안녕하세요.클럽테스트입니다.','M',to_date('19/07/27','RR/MM/DD'));
Insert into KHAWESOME.MEMBER (MEMBER_CODE,MEMBER_ID,NICKNAME,PASSWORD,MEMBER_NAME,BIRTHDAY,PHONE,GENDER,PROFILE,RENAMED_PROFILE,BLIND_DATE_OPEN,FRIEND_OPEN,SEARCH_OPEN,INTRODUCE,VERIFY,ENROLL_DATE) values (361,'test123@naver.com','테스트용','$2a$10$W1qqPbp7kTe.QBi/HPyVh.F3iS3iruhGApLafPdfPrdNatDpDR0ZW','테스트',to_date('90/01/01','RR/MM/DD'),'01065045359','M','Lighthouse.jpg','20190729_094253390_770.jpg','N','N','N','<p>테스트용 계정입니다</p>','A',to_date('19/07/29','RR/MM/DD'));
Insert into KHAWESOME.MEMBER (MEMBER_CODE,MEMBER_ID,NICKNAME,PASSWORD,MEMBER_NAME,BIRTHDAY,PHONE,GENDER,PROFILE,RENAMED_PROFILE,BLIND_DATE_OPEN,FRIEND_OPEN,SEARCH_OPEN,INTRODUCE,VERIFY,ENROLL_DATE) values (125,'lee@naver.com','lee','1234','관리자',to_date('70/02/02','RR/MM/DD'),'010-8888-7777','M','img1.jpg','aoi.jpg','Y','Y','Y','<p>안녕하세요ㅕ</p>','M',to_date('19/07/24','RR/MM/DD'));
Insert into KHAWESOME.MEMBER (MEMBER_CODE,MEMBER_ID,NICKNAME,PASSWORD,MEMBER_NAME,BIRTHDAY,PHONE,GENDER,PROFILE,RENAMED_PROFILE,BLIND_DATE_OPEN,FRIEND_OPEN,SEARCH_OPEN,INTRODUCE,VERIFY,ENROLL_DATE) values (2,'a333b@gmail.com','a123','123123123','이제니',to_date('89/01/10','RR/MM/DD'),'01012341234','F','jeny.jpg','jeny.jpg','Y','Y','Y','안녕하세요. 치맥친구 찾아요. ','M',to_date('19/07/28','RR/MM/DD'));
Insert into KHAWESOME.MEMBER (MEMBER_CODE,MEMBER_ID,NICKNAME,PASSWORD,MEMBER_NAME,BIRTHDAY,PHONE,GENDER,PROFILE,RENAMED_PROFILE,BLIND_DATE_OPEN,FRIEND_OPEN,SEARCH_OPEN,INTRODUCE,VERIFY,ENROLL_DATE) values (1,'1@gmail.com','닉네임입니다.','1번멤버','1번닉네임',to_date('11/11/11','RR/MM/DD'),'11111111111','M','너굴맨.jpg','너굴맨.jpg','Y','Y','Y','<p>안녕하세요 소개글입니다</p>','M',to_date('19/07/23','RR/MM/DD'));
REM INSERTING into KHAWESOME.MEMBER_INTERESTING
SET DEFINE OFF;
Insert into KHAWESOME.MEMBER_INTERESTING (MEMBER_CODE,INTERESTING_CODE) values (1,'여행, 술');
Insert into KHAWESOME.MEMBER_INTERESTING (MEMBER_CODE,INTERESTING_CODE) values (124,'여행,술,기타');
Insert into KHAWESOME.MEMBER_INTERESTING (MEMBER_CODE,INTERESTING_CODE) values (null,'음식,여행');
Insert into KHAWESOME.MEMBER_INTERESTING (MEMBER_CODE,INTERESTING_CODE) values (null,'음식,여행');
Insert into KHAWESOME.MEMBER_INTERESTING (MEMBER_CODE,INTERESTING_CODE) values (null,'음식,여행');
Insert into KHAWESOME.MEMBER_INTERESTING (MEMBER_CODE,INTERESTING_CODE) values (null,'음식,여행');
Insert into KHAWESOME.MEMBER_INTERESTING (MEMBER_CODE,INTERESTING_CODE) values (291,'음식,여행');
Insert into KHAWESOME.MEMBER_INTERESTING (MEMBER_CODE,INTERESTING_CODE) values (291,'음식,여행');
Insert into KHAWESOME.MEMBER_INTERESTING (MEMBER_CODE,INTERESTING_CODE) values (291,'음식,여행,술');
Insert into KHAWESOME.MEMBER_INTERESTING (MEMBER_CODE,INTERESTING_CODE) values (291,'음식,여행,술');
Insert into KHAWESOME.MEMBER_INTERESTING (MEMBER_CODE,INTERESTING_CODE) values (291,'음식,여행,술');
Insert into KHAWESOME.MEMBER_INTERESTING (MEMBER_CODE,INTERESTING_CODE) values (291,'음식,여행,술');
Insert into KHAWESOME.MEMBER_INTERESTING (MEMBER_CODE,INTERESTING_CODE) values (291,'음식,여행,술');
Insert into KHAWESOME.MEMBER_INTERESTING (MEMBER_CODE,INTERESTING_CODE) values (306,'음식,영화');
Insert into KHAWESOME.MEMBER_INTERESTING (MEMBER_CODE,INTERESTING_CODE) values (122,'여행,술');
Insert into KHAWESOME.MEMBER_INTERESTING (MEMBER_CODE,INTERESTING_CODE) values (125,'영화,기타');
Insert into KHAWESOME.MEMBER_INTERESTING (MEMBER_CODE,INTERESTING_CODE) values (123,'여행,술,영화');
REM INSERTING into KHAWESOME.NOTICE
SET DEFINE OFF;
REM INSERTING into KHAWESOME.QUESTION_BOARD
SET DEFINE OFF;
Insert into KHAWESOME.QUESTION_BOARD (QUESTION_NO,MEMBER_CODE,QUESTION_TITLE,QUESTION_CONTENT,QUESTION_ORIGINAL_FILENAME,QUESTION_RENAMED_FILENAME,QUESTION_DATE,QUESTION_OPEN) values (64,12345,'123','123',null,'20190710_150848961_75.',to_date('19/07/10','RR/MM/DD'),'Y');
Insert into KHAWESOME.QUESTION_BOARD (QUESTION_NO,MEMBER_CODE,QUESTION_TITLE,QUESTION_CONTENT,QUESTION_ORIGINAL_FILENAME,QUESTION_RENAMED_FILENAME,QUESTION_DATE,QUESTION_OPEN) values (65,12345,'제목','들어갈까요',null,'20190710_151345133_763.',to_date('19/07/10','RR/MM/DD'),'Y');
Insert into KHAWESOME.QUESTION_BOARD (QUESTION_NO,MEMBER_CODE,QUESTION_TITLE,QUESTION_CONTENT,QUESTION_ORIGINAL_FILENAME,QUESTION_RENAMED_FILENAME,QUESTION_DATE,QUESTION_OPEN) values (66,12345,'오늘 끝내자','css도 끝내자',null,null,to_date('19/07/11','RR/MM/DD'),'Y');
Insert into KHAWESOME.QUESTION_BOARD (QUESTION_NO,MEMBER_CODE,QUESTION_TITLE,QUESTION_CONTENT,QUESTION_ORIGINAL_FILENAME,QUESTION_RENAMED_FILENAME,QUESTION_DATE,QUESTION_OPEN) values (81,12345,'test 해봅니다. ','비공개 질문',null,null,to_date('19/07/14','RR/MM/DD'),'Y');
Insert into KHAWESOME.QUESTION_BOARD (QUESTION_NO,MEMBER_CODE,QUESTION_TITLE,QUESTION_CONTENT,QUESTION_ORIGINAL_FILENAME,QUESTION_RENAMED_FILENAME,QUESTION_DATE,QUESTION_OPEN) values (125,62,'상대방이 욕설을 했습니다. ','냉무','Bethelam.PNG','20190719_150547373_892.PNG',to_date('19/07/19','RR/MM/DD'),'Y');
Insert into KHAWESOME.QUESTION_BOARD (QUESTION_NO,MEMBER_CODE,QUESTION_TITLE,QUESTION_CONTENT,QUESTION_ORIGINAL_FILENAME,QUESTION_RENAMED_FILENAME,QUESTION_DATE,QUESTION_OPEN) values (141,206,'질문6','ㅇㅇ','KakaoTalk_20180814_221615528.jpg','20190722_002700800_329.jpg',to_date('19/07/21','RR/MM/DD'),'Y');
Insert into KHAWESOME.QUESTION_BOARD (QUESTION_NO,MEMBER_CODE,QUESTION_TITLE,QUESTION_CONTENT,QUESTION_ORIGINAL_FILENAME,QUESTION_RENAMED_FILENAME,QUESTION_DATE,QUESTION_OPEN) values (127,207,'질문2','첨부 파일 있는 질문입니다. ','beach.jpg','20190719_150900260_358.jpg',to_date('19/07/19','RR/MM/DD'),'Y');
Insert into KHAWESOME.QUESTION_BOARD (QUESTION_NO,MEMBER_CODE,QUESTION_TITLE,QUESTION_CONTENT,QUESTION_ORIGINAL_FILENAME,QUESTION_RENAMED_FILENAME,QUESTION_DATE,QUESTION_OPEN) values (128,207,'질문3','허그1','hug1.jpg','20190719_152308531_362.jpg',to_date('19/07/19','RR/MM/DD'),'Y');
Insert into KHAWESOME.QUESTION_BOARD (QUESTION_NO,MEMBER_CODE,QUESTION_TITLE,QUESTION_CONTENT,QUESTION_ORIGINAL_FILENAME,QUESTION_RENAMED_FILENAME,QUESTION_DATE,QUESTION_OPEN) values (161,206,'새로운 질문','내용입니다. ','KakaoTalk_20190526_173604996.jpg','20190722_132016803_32.jpg',to_date('19/07/22','RR/MM/DD'),'Y');
Insert into KHAWESOME.QUESTION_BOARD (QUESTION_NO,MEMBER_CODE,QUESTION_TITLE,QUESTION_CONTENT,QUESTION_ORIGINAL_FILENAME,QUESTION_RENAMED_FILENAME,QUESTION_DATE,QUESTION_OPEN) values (204,361,'마지막 질문 되겠습니다. ','...','19.jpg','20190729_123928707_672.jpg',to_date('19/07/29','RR/MM/DD'),'N');
Insert into KHAWESOME.QUESTION_BOARD (QUESTION_NO,MEMBER_CODE,QUESTION_TITLE,QUESTION_CONTENT,QUESTION_ORIGINAL_FILENAME,QUESTION_RENAMED_FILENAME,QUESTION_DATE,QUESTION_OPEN) values (61,12345,'123123','123',null,null,to_date('19/07/10','RR/MM/DD'),'Y');
Insert into KHAWESOME.QUESTION_BOARD (QUESTION_NO,MEMBER_CODE,QUESTION_TITLE,QUESTION_CONTENT,QUESTION_ORIGINAL_FILENAME,QUESTION_RENAMED_FILENAME,QUESTION_DATE,QUESTION_OPEN) values (63,12345,'123','123',null,null,to_date('19/07/10','RR/MM/DD'),'Y');
Insert into KHAWESOME.QUESTION_BOARD (QUESTION_NO,MEMBER_CODE,QUESTION_TITLE,QUESTION_CONTENT,QUESTION_ORIGINAL_FILENAME,QUESTION_RENAMED_FILENAME,QUESTION_DATE,QUESTION_OPEN) values (68,12345,'정말','123',null,null,to_date('19/07/11','RR/MM/DD'),'Y');
Insert into KHAWESOME.QUESTION_BOARD (QUESTION_NO,MEMBER_CODE,QUESTION_TITLE,QUESTION_CONTENT,QUESTION_ORIGINAL_FILENAME,QUESTION_RENAMED_FILENAME,QUESTION_DATE,QUESTION_OPEN) values (101,61,'모임 장소를 꼭 공지해야 하나요? ','제가 테스트를 합니다. ',null,null,to_date('19/07/16','RR/MM/DD'),'Y');
Insert into KHAWESOME.QUESTION_BOARD (QUESTION_NO,MEMBER_CODE,QUESTION_TITLE,QUESTION_CONTENT,QUESTION_ORIGINAL_FILENAME,QUESTION_RENAMED_FILENAME,QUESTION_DATE,QUESTION_OPEN) values (102,61,'모임 장소를 꼭 공지해야 하나요? ','제가 테스트를 합니다. ',null,null,to_date('19/07/16','RR/MM/DD'),'Y');
Insert into KHAWESOME.QUESTION_BOARD (QUESTION_NO,MEMBER_CODE,QUESTION_TITLE,QUESTION_CONTENT,QUESTION_ORIGINAL_FILENAME,QUESTION_RENAMED_FILENAME,QUESTION_DATE,QUESTION_OPEN) values (103,61,'질문을 작성합니다. ','비공개 질문입니다. ',null,null,to_date('19/07/16','RR/MM/DD'),'Y');
Insert into KHAWESOME.QUESTION_BOARD (QUESTION_NO,MEMBER_CODE,QUESTION_TITLE,QUESTION_CONTENT,QUESTION_ORIGINAL_FILENAME,QUESTION_RENAMED_FILENAME,QUESTION_DATE,QUESTION_OPEN) values (104,61,'질문을 작성합니다. ','비공개 질문입니다. ',null,null,to_date('19/07/16','RR/MM/DD'),'Y');
Insert into KHAWESOME.QUESTION_BOARD (QUESTION_NO,MEMBER_CODE,QUESTION_TITLE,QUESTION_CONTENT,QUESTION_ORIGINAL_FILENAME,QUESTION_RENAMED_FILENAME,QUESTION_DATE,QUESTION_OPEN) values (115,61,'왜','234',null,null,to_date('19/07/16','RR/MM/DD'),'Y');
Insert into KHAWESOME.QUESTION_BOARD (QUESTION_NO,MEMBER_CODE,QUESTION_TITLE,QUESTION_CONTENT,QUESTION_ORIGINAL_FILENAME,QUESTION_RENAMED_FILENAME,QUESTION_DATE,QUESTION_OPEN) values (116,61,'ㅇㅇㅇ','33',null,null,to_date('19/07/16','RR/MM/DD'),'Y');
Insert into KHAWESOME.QUESTION_BOARD (QUESTION_NO,MEMBER_CODE,QUESTION_TITLE,QUESTION_CONTENT,QUESTION_ORIGINAL_FILENAME,QUESTION_RENAMED_FILENAME,QUESTION_DATE,QUESTION_OPEN) values (131,206,'질문을 작성합니다. 7','....','KakaoTalk_20190624_002223365.jpg','20190719_232405314_842.jpg',to_date('19/07/19','RR/MM/DD'),'Y');
Insert into KHAWESOME.QUESTION_BOARD (QUESTION_NO,MEMBER_CODE,QUESTION_TITLE,QUESTION_CONTENT,QUESTION_ORIGINAL_FILENAME,QUESTION_RENAMED_FILENAME,QUESTION_DATE,QUESTION_OPEN) values (123,206,'첨부파일','ㅇㅇㅇ','Bethelam.PNG','20190718_103648718_487.PNG',to_date('19/07/18','RR/MM/DD'),'Y');
Insert into KHAWESOME.QUESTION_BOARD (QUESTION_NO,MEMBER_CODE,QUESTION_TITLE,QUESTION_CONTENT,QUESTION_ORIGINAL_FILENAME,QUESTION_RENAMED_FILENAME,QUESTION_DATE,QUESTION_OPEN) values (163,206,'123123','123123','KakaoTalk_20190526_173604996.jpg','20190722_132705649_50.jpg',to_date('19/07/22','RR/MM/DD'),'Y');
Insert into KHAWESOME.QUESTION_BOARD (QUESTION_NO,MEMBER_CODE,QUESTION_TITLE,QUESTION_CONTENT,QUESTION_ORIGINAL_FILENAME,QUESTION_RENAMED_FILENAME,QUESTION_DATE,QUESTION_OPEN) values (162,206,'질문9','싫다','KakaoTalk_20190526_173604996.jpg','20190722_132242209_80.jpg',to_date('19/07/22','RR/MM/DD'),'Y');
Insert into KHAWESOME.QUESTION_BOARD (QUESTION_NO,MEMBER_CODE,QUESTION_TITLE,QUESTION_CONTENT,QUESTION_ORIGINAL_FILENAME,QUESTION_RENAMED_FILENAME,QUESTION_DATE,QUESTION_OPEN) values (207,361,'...','ㅇㄹㅇㄹ','11.jpg','20190730_004949395_201.jpg',to_date('19/07/29','RR/MM/DD'),'N');
Insert into KHAWESOME.QUESTION_BOARD (QUESTION_NO,MEMBER_CODE,QUESTION_TITLE,QUESTION_CONTENT,QUESTION_ORIGINAL_FILENAME,QUESTION_RENAMED_FILENAME,QUESTION_DATE,QUESTION_OPEN) values (105,61,'질문 1번','비공개 질문입니다. ',null,null,to_date('19/07/16','RR/MM/DD'),'Y');
Insert into KHAWESOME.QUESTION_BOARD (QUESTION_NO,MEMBER_CODE,QUESTION_TITLE,QUESTION_CONTENT,QUESTION_ORIGINAL_FILENAME,QUESTION_RENAMED_FILENAME,QUESTION_DATE,QUESTION_OPEN) values (106,61,'질문작성2번','비공개 질문',null,null,to_date('19/07/16','RR/MM/DD'),'Y');
Insert into KHAWESOME.QUESTION_BOARD (QUESTION_NO,MEMBER_CODE,QUESTION_TITLE,QUESTION_CONTENT,QUESTION_ORIGINAL_FILENAME,QUESTION_RENAMED_FILENAME,QUESTION_DATE,QUESTION_OPEN) values (107,61,'질문작성2번','비공개 질문',null,null,to_date('19/07/16','RR/MM/DD'),'Y');
Insert into KHAWESOME.QUESTION_BOARD (QUESTION_NO,MEMBER_CODE,QUESTION_TITLE,QUESTION_CONTENT,QUESTION_ORIGINAL_FILENAME,QUESTION_RENAMED_FILENAME,QUESTION_DATE,QUESTION_OPEN) values (108,61,'질문작성 4번','나올까요? ',null,null,to_date('19/07/16','RR/MM/DD'),'Y');
Insert into KHAWESOME.QUESTION_BOARD (QUESTION_NO,MEMBER_CODE,QUESTION_TITLE,QUESTION_CONTENT,QUESTION_ORIGINAL_FILENAME,QUESTION_RENAMED_FILENAME,QUESTION_DATE,QUESTION_OPEN) values (109,12345,'질문작성 5번','ㅠㅠ',null,null,to_date('19/07/16','RR/MM/DD'),'Y');
Insert into KHAWESOME.QUESTION_BOARD (QUESTION_NO,MEMBER_CODE,QUESTION_TITLE,QUESTION_CONTENT,QUESTION_ORIGINAL_FILENAME,QUESTION_RENAMED_FILENAME,QUESTION_DATE,QUESTION_OPEN) values (110,61,'질문작성5번','넹',null,null,to_date('19/07/16','RR/MM/DD'),'Y');
Insert into KHAWESOME.QUESTION_BOARD (QUESTION_NO,MEMBER_CODE,QUESTION_TITLE,QUESTION_CONTENT,QUESTION_ORIGINAL_FILENAME,QUESTION_RENAMED_FILENAME,QUESTION_DATE,QUESTION_OPEN) values (111,61,'질문6','333',null,null,to_date('19/07/16','RR/MM/DD'),'Y');
Insert into KHAWESOME.QUESTION_BOARD (QUESTION_NO,MEMBER_CODE,QUESTION_TITLE,QUESTION_CONTENT,QUESTION_ORIGINAL_FILENAME,QUESTION_RENAMED_FILENAME,QUESTION_DATE,QUESTION_OPEN) values (112,61,'질문7','ㅎㅎㅎ',null,null,to_date('19/07/16','RR/MM/DD'),'Y');
Insert into KHAWESOME.QUESTION_BOARD (QUESTION_NO,MEMBER_CODE,QUESTION_TITLE,QUESTION_CONTENT,QUESTION_ORIGINAL_FILENAME,QUESTION_RENAMED_FILENAME,QUESTION_DATE,QUESTION_OPEN) values (182,266,'질문 2222','ㅇㅇㅇ','couple1.jpg','20190726_101412834_921.jpg',to_date('19/07/26','RR/MM/DD'),'N');
Insert into KHAWESOME.QUESTION_BOARD (QUESTION_NO,MEMBER_CODE,QUESTION_TITLE,QUESTION_CONTENT,QUESTION_ORIGINAL_FILENAME,QUESTION_RENAMED_FILENAME,QUESTION_DATE,QUESTION_OPEN) values (168,206,'와','멋지다','beach.jpg','20190723_121346582_828.jpg',to_date('19/07/23','RR/MM/DD'),'N');
Insert into KHAWESOME.QUESTION_BOARD (QUESTION_NO,MEMBER_CODE,QUESTION_TITLE,QUESTION_CONTENT,QUESTION_ORIGINAL_FILENAME,QUESTION_RENAMED_FILENAME,QUESTION_DATE,QUESTION_OPEN) values (181,266,'질문 작성','질문작성입니다. ','beach.jpg','20190726_101341619_492.jpg',to_date('19/07/26','RR/MM/DD'),'N');
Insert into KHAWESOME.QUESTION_BOARD (QUESTION_NO,MEMBER_CODE,QUESTION_TITLE,QUESTION_CONTENT,QUESTION_ORIGINAL_FILENAME,QUESTION_RENAMED_FILENAME,QUESTION_DATE,QUESTION_OPEN) values (183,308,'클럽 모임 결성은 어떻게 하나요? ','동네 모임을 가지고 싶은데 어디에 어떻게 등록하는 건가요? ','couple1.jpg','20190727_123549493_287.jpg',to_date('19/07/27','RR/MM/DD'),'N');
Insert into KHAWESOME.QUESTION_BOARD (QUESTION_NO,MEMBER_CODE,QUESTION_TITLE,QUESTION_CONTENT,QUESTION_ORIGINAL_FILENAME,QUESTION_RENAMED_FILENAME,QUESTION_DATE,QUESTION_OPEN) values (206,306,'질문할께요~ ','이런분은 어디서 만날수 있나요~? ','11.jpg','20190729_134916880_545.jpg',to_date('19/07/29','RR/MM/DD'),'N');
Insert into KHAWESOME.QUESTION_BOARD (QUESTION_NO,MEMBER_CODE,QUESTION_TITLE,QUESTION_CONTENT,QUESTION_ORIGINAL_FILENAME,QUESTION_RENAMED_FILENAME,QUESTION_DATE,QUESTION_OPEN) values (67,12345,'정말','123',null,null,to_date('19/07/11','RR/MM/DD'),'Y');
Insert into KHAWESOME.QUESTION_BOARD (QUESTION_NO,MEMBER_CODE,QUESTION_TITLE,QUESTION_CONTENT,QUESTION_ORIGINAL_FILENAME,QUESTION_RENAMED_FILENAME,QUESTION_DATE,QUESTION_OPEN) values (167,206,'질물77777','비공개만 처리하자','party3.jpeg','20190723_104239902_596.jpeg',to_date('19/07/23','RR/MM/DD'),'Y');
Insert into KHAWESOME.QUESTION_BOARD (QUESTION_NO,MEMBER_CODE,QUESTION_TITLE,QUESTION_CONTENT,QUESTION_ORIGINAL_FILENAME,QUESTION_RENAMED_FILENAME,QUESTION_DATE,QUESTION_OPEN) values (169,265,'질문작성','수정합니다. ','beach.jpg','20190723_133955722_566.jpg',to_date('19/07/23','RR/MM/DD'),'Y');
Insert into KHAWESOME.QUESTION_BOARD (QUESTION_NO,MEMBER_CODE,QUESTION_TITLE,QUESTION_CONTENT,QUESTION_ORIGINAL_FILENAME,QUESTION_RENAMED_FILENAME,QUESTION_DATE,QUESTION_OPEN) values (170,265,'제목','내용','couple1.jpg','20190723_134038146_646.jpg',to_date('19/07/23','RR/MM/DD'),'N');
Insert into KHAWESOME.QUESTION_BOARD (QUESTION_NO,MEMBER_CODE,QUESTION_TITLE,QUESTION_CONTENT,QUESTION_ORIGINAL_FILENAME,QUESTION_RENAMED_FILENAME,QUESTION_DATE,QUESTION_OPEN) values (184,308,'여자중 누가 가장 인기가 좋은가요~? ','난 아오이가 너무 예쁜것 같아요. ','aoi.jpg','20190727_150847291_324.jpg',to_date('19/07/27','RR/MM/DD'),'Y');
Insert into KHAWESOME.QUESTION_BOARD (QUESTION_NO,MEMBER_CODE,QUESTION_TITLE,QUESTION_CONTENT,QUESTION_ORIGINAL_FILENAME,QUESTION_RENAMED_FILENAME,QUESTION_DATE,QUESTION_OPEN) values (62,12345,'123','123',null,null,to_date('19/07/10','RR/MM/DD'),'Y');
Insert into KHAWESOME.QUESTION_BOARD (QUESTION_NO,MEMBER_CODE,QUESTION_TITLE,QUESTION_CONTENT,QUESTION_ORIGINAL_FILENAME,QUESTION_RENAMED_FILENAME,QUESTION_DATE,QUESTION_OPEN) values (69,12345,'test2','비공개용',null,null,to_date('19/07/11','RR/MM/DD'),'Y');
REM INSERTING into KHAWESOME.QUESTION_COMMENT
SET DEFINE OFF;
Insert into KHAWESOME.QUESTION_COMMENT (QUESTION_COMMENT_NO,QUESTION_NO,QUESTION_COMMENT_CONTENT,QUESTION_COMMENT_DATE) values (16,182,'질문 댓글입니다. ',to_date('19/07/26','RR/MM/DD'));
Insert into KHAWESOME.QUESTION_COMMENT (QUESTION_COMMENT_NO,QUESTION_NO,QUESTION_COMMENT_CONTENT,QUESTION_COMMENT_DATE) values (4,182,'야하하하하',to_date('19/07/26','RR/MM/DD'));
Insert into KHAWESOME.QUESTION_COMMENT (QUESTION_COMMENT_NO,QUESTION_NO,QUESTION_COMMENT_CONTENT,QUESTION_COMMENT_DATE) values (5,182,'야하하하',to_date('19/07/26','RR/MM/DD'));
Insert into KHAWESOME.QUESTION_COMMENT (QUESTION_COMMENT_NO,QUESTION_NO,QUESTION_COMMENT_CONTENT,QUESTION_COMMENT_DATE) values (6,182,'야하하하',to_date('19/07/26','RR/MM/DD'));
Insert into KHAWESOME.QUESTION_COMMENT (QUESTION_COMMENT_NO,QUESTION_NO,QUESTION_COMMENT_CONTENT,QUESTION_COMMENT_DATE) values (7,181,'비치',to_date('19/07/26','RR/MM/DD'));
Insert into KHAWESOME.QUESTION_COMMENT (QUESTION_COMMENT_NO,QUESTION_NO,QUESTION_COMMENT_CONTENT,QUESTION_COMMENT_DATE) values (8,181,'댓',to_date('19/07/26','RR/MM/DD'));
Insert into KHAWESOME.QUESTION_COMMENT (QUESTION_COMMENT_NO,QUESTION_NO,QUESTION_COMMENT_CONTENT,QUESTION_COMMENT_DATE) values (9,182,'니아럼;ㅣㄴ아ㅓㄹ',to_date('19/07/26','RR/MM/DD'));
Insert into KHAWESOME.QUESTION_COMMENT (QUESTION_COMMENT_NO,QUESTION_NO,QUESTION_COMMENT_CONTENT,QUESTION_COMMENT_DATE) values (10,182,'댓글',to_date('19/07/26','RR/MM/DD'));
Insert into KHAWESOME.QUESTION_COMMENT (QUESTION_COMMENT_NO,QUESTION_NO,QUESTION_COMMENT_CONTENT,QUESTION_COMMENT_DATE) values (11,181,'이라ㅓ',to_date('19/07/26','RR/MM/DD'));
Insert into KHAWESOME.QUESTION_COMMENT (QUESTION_COMMENT_NO,QUESTION_NO,QUESTION_COMMENT_CONTENT,QUESTION_COMMENT_DATE) values (12,182,'이라ㅓ',to_date('19/07/26','RR/MM/DD'));
Insert into KHAWESOME.QUESTION_COMMENT (QUESTION_COMMENT_NO,QUESTION_NO,QUESTION_COMMENT_CONTENT,QUESTION_COMMENT_DATE) values (13,182,'alskdjfa',to_date('19/07/26','RR/MM/DD'));
Insert into KHAWESOME.QUESTION_COMMENT (QUESTION_COMMENT_NO,QUESTION_NO,QUESTION_COMMENT_CONTENT,QUESTION_COMMENT_DATE) values (14,182,'sldkfja;sldkjf',to_date('19/07/26','RR/MM/DD'));
Insert into KHAWESOME.QUESTION_COMMENT (QUESTION_COMMENT_NO,QUESTION_NO,QUESTION_COMMENT_CONTENT,QUESTION_COMMENT_DATE) values (15,182,'sdlkfjasldkjf',to_date('19/07/26','RR/MM/DD'));
Insert into KHAWESOME.QUESTION_COMMENT (QUESTION_COMMENT_NO,QUESTION_NO,QUESTION_COMMENT_CONTENT,QUESTION_COMMENT_DATE) values (26,207,'^^;;',to_date('19/07/29','RR/MM/DD'));
Insert into KHAWESOME.QUESTION_COMMENT (QUESTION_COMMENT_NO,QUESTION_NO,QUESTION_COMMENT_CONTENT,QUESTION_COMMENT_DATE) values (17,183,'클럽게시판으로 가서 클럽 만들기로 작성하시면 됩니다. ',to_date('19/07/27','RR/MM/DD'));
Insert into KHAWESOME.QUESTION_COMMENT (QUESTION_COMMENT_NO,QUESTION_NO,QUESTION_COMMENT_CONTENT,QUESTION_COMMENT_DATE) values (21,184,'저는 그렇게 생각하지 않습니다. 
',to_date('19/07/28','RR/MM/DD'));
Insert into KHAWESOME.QUESTION_COMMENT (QUESTION_COMMENT_NO,QUESTION_NO,QUESTION_COMMENT_CONTENT,QUESTION_COMMENT_DATE) values (22,184,'네네',to_date('19/07/28','RR/MM/DD'));
Insert into KHAWESOME.QUESTION_COMMENT (QUESTION_COMMENT_NO,QUESTION_NO,QUESTION_COMMENT_CONTENT,QUESTION_COMMENT_DATE) values (23,183,'네 감사합니다. 
',to_date('19/07/28','RR/MM/DD'));
Insert into KHAWESOME.QUESTION_COMMENT (QUESTION_COMMENT_NO,QUESTION_NO,QUESTION_COMMENT_CONTENT,QUESTION_COMMENT_DATE) values (24,205,'망쓰',to_date('19/07/29','RR/MM/DD'));
Insert into KHAWESOME.QUESTION_COMMENT (QUESTION_COMMENT_NO,QUESTION_NO,QUESTION_COMMENT_CONTENT,QUESTION_COMMENT_DATE) values (1,182,'댓글되라',to_date('19/07/26','RR/MM/DD'));
Insert into KHAWESOME.QUESTION_COMMENT (QUESTION_COMMENT_NO,QUESTION_NO,QUESTION_COMMENT_CONTENT,QUESTION_COMMENT_DATE) values (2,182,'댓글입니돵~',to_date('19/07/26','RR/MM/DD'));
Insert into KHAWESOME.QUESTION_COMMENT (QUESTION_COMMENT_NO,QUESTION_NO,QUESTION_COMMENT_CONTENT,QUESTION_COMMENT_DATE) values (3,182,'댓글입니돵~',to_date('19/07/26','RR/MM/DD'));
Insert into KHAWESOME.QUESTION_COMMENT (QUESTION_COMMENT_NO,QUESTION_NO,QUESTION_COMMENT_CONTENT,QUESTION_COMMENT_DATE) values (18,183,'작성하신 후에 저희 회사에서 연락이 갈것입니다 ',to_date('19/07/27','RR/MM/DD'));
Insert into KHAWESOME.QUESTION_COMMENT (QUESTION_COMMENT_NO,QUESTION_NO,QUESTION_COMMENT_CONTENT,QUESTION_COMMENT_DATE) values (19,184,'네. 고객님. 
아오이곧 연결시켜드리겠습니다. ',to_date('19/07/27','RR/MM/DD'));
REM INSERTING into KHAWESOME.REPORT
SET DEFINE OFF;
REM INSERTING into KHAWESOME.SCHOOL
SET DEFINE OFF;
Insert into KHAWESOME.SCHOOL (MEMBER_CODE,SCHOOL_CODE,SCHOOL_NAME,SCHOOL_ADDRESS) values (1,'B000003848','안양초등학교','경기도 안양시 만안구 안양동 378-1');
Insert into KHAWESOME.SCHOOL (MEMBER_CODE,SCHOOL_CODE,SCHOOL_NAME,SCHOOL_ADDRESS) values (1,'B000012508','신성고등학교','경기도 안양시 만안구 안양동 587-68');
Insert into KHAWESOME.SCHOOL (MEMBER_CODE,SCHOOL_CODE,SCHOOL_NAME,SCHOOL_ADDRESS) values (304,'B000012508','신성고등학교','경기도 안양시 만안구 안양동 587-68');
Insert into KHAWESOME.SCHOOL (MEMBER_CODE,SCHOOL_CODE,SCHOOL_NAME,SCHOOL_ADDRESS) values (124,'B000012508','신성고등학교','경기도 안양시 만안구 안양동 587-68');
Insert into KHAWESOME.SCHOOL (MEMBER_CODE,SCHOOL_CODE,SCHOOL_NAME,SCHOOL_ADDRESS) values (306,null,'목포홍일고등학교',null);
Insert into KHAWESOME.SCHOOL (MEMBER_CODE,SCHOOL_CODE,SCHOOL_NAME,SCHOOL_ADDRESS) values (306,'B000006390','목포연산초등학교','전라남도 목포시 연산동 1270');
Insert into KHAWESOME.SCHOOL (MEMBER_CODE,SCHOOL_CODE,SCHOOL_NAME,SCHOOL_ADDRESS) values (306,'B000010421','목포제일중학교','전라남도 목포시 용해동 170-5');
REM INSERTING into KHAWESOME.SCHOOL_CLUB
SET DEFINE OFF;
Insert into KHAWESOME.SCHOOL_CLUB (CLUB_CODE,MEMBER_CODE,CLUB_NAME,CLUB_SIMPLE_INFO,CLUB_INFO,MAIN_ORIGINAL_FILENAME,MAIN_RENAMED_FILENAME,SCHOOL_CODE,SCHOOL_NAME,SCHOOL_ADDRESS) values (49,291,'모임제목입니다','간단소개','상세소개','너굴맨.jpg','20190727_163436526_325.jpg','B000003848','안양초등학교','경기도 안양시 만안구 안양동 378-1');
Insert into KHAWESOME.SCHOOL_CLUB (CLUB_CODE,MEMBER_CODE,CLUB_NAME,CLUB_SIMPLE_INFO,CLUB_INFO,MAIN_ORIGINAL_FILENAME,MAIN_RENAMED_FILENAME,SCHOOL_CODE,SCHOOL_NAME,SCHOOL_ADDRESS) values (51,291,'ddddd','ddddd','ddddd','ddabong.jpg','20190727_164440380_743.jpg','B000003848','안양초등학교','경기도 안양시 만안구 안양동 378-1');
Insert into KHAWESOME.SCHOOL_CLUB (CLUB_CODE,MEMBER_CODE,CLUB_NAME,CLUB_SIMPLE_INFO,CLUB_INFO,MAIN_ORIGINAL_FILENAME,MAIN_RENAMED_FILENAME,SCHOOL_CODE,SCHOOL_NAME,SCHOOL_ADDRESS) values (50,291,'ㅋㅋㅋ','ㅋㅋㅋ','ㅋㅋㅋ','img1.jpg','20190727_164016077_332.jpg','B000003848','안양초등학교','경기도 안양시 만안구 안양동 378-1');
Insert into KHAWESOME.SCHOOL_CLUB (CLUB_CODE,MEMBER_CODE,CLUB_NAME,CLUB_SIMPLE_INFO,CLUB_INFO,MAIN_ORIGINAL_FILENAME,MAIN_RENAMED_FILENAME,SCHOOL_CODE,SCHOOL_NAME,SCHOOL_ADDRESS) values (52,291,'asdfasdfafd','asdfasdfasdf','asdfasdfasdf','팔덕.jpg','20190727_165143412_697.jpg','B000003848','안양초등학교','경기도 안양시 만안구 안양동 378-1');
Insert into KHAWESOME.SCHOOL_CLUB (CLUB_CODE,MEMBER_CODE,CLUB_NAME,CLUB_SIMPLE_INFO,CLUB_INFO,MAIN_ORIGINAL_FILENAME,MAIN_RENAMED_FILENAME,SCHOOL_CODE,SCHOOL_NAME,SCHOOL_ADDRESS) values (48,291,'모임제목입니다','간단소개','상세소개','어벤져스.jpg','20190727_145040714_764.jpg','B000003848','안양초등학교','경기도 안양시 만안구 안양동 378-1');
Insert into KHAWESOME.SCHOOL_CLUB (CLUB_CODE,MEMBER_CODE,CLUB_NAME,CLUB_SIMPLE_INFO,CLUB_INFO,MAIN_ORIGINAL_FILENAME,MAIN_RENAMED_FILENAME,SCHOOL_CODE,SCHOOL_NAME,SCHOOL_ADDRESS) values (53,291,'ttttt','ttttt','ttttt','너굴맨.jpg','20190727_170544318_300.jpg','B000003848','안양초등학교','경기도 안양시 만안구 안양동 378-1');
REM INSERTING into KHAWESOME.SECESSION_MEMBER
SET DEFINE OFF;
Insert into KHAWESOME.SECESSION_MEMBER (MEMBER_CODE,MEMBER_ID,NICKNAME,PASSWORD,MEMBER_NAME,BIRTHDAY,PHONE,GENDER,PROFILE,RENAMED_PROFILE,BLIND_DATE_OPEN,FRIEND_OPEN,SEARCH_OPEN,INTRODUCE,VERIFY,ENROLL_DATE,REASON) values (304,'yyongpall@gmail.com','BinS','$2a$10$/Wq26jfR0J4Hj6BM7cInYuYNIF/ezGTr3w/tnWhiKXBY4Zw8Tc4Km','김용빈',to_date('87/05/12','RR/MM/DD'),'01089721172','M','20190702_125655.png','20190726_120817577_752.png','N','N','Y','<p>ㅁㄴㅍㅇㅁㄴㅍㅇㅁ</p>','M',to_date('19/07/26','RR/MM/DD'),'asdadsad');
Insert into KHAWESOME.SECESSION_MEMBER (MEMBER_CODE,MEMBER_ID,NICKNAME,PASSWORD,MEMBER_NAME,BIRTHDAY,PHONE,GENDER,PROFILE,RENAMED_PROFILE,BLIND_DATE_OPEN,FRIEND_OPEN,SEARCH_OPEN,INTRODUCE,VERIFY,ENROLL_DATE,REASON) values (342,'yyongpall@gmail.com','BinS','$2a$10$X1mjw9O74AFXLfQE7BIAReAPJNssSOHnFLsbvkpcMaDA.xjd7NNbW','김용빈',to_date('87/05/12','RR/MM/DD'),'01089721172','M','20190718_132159453_575.jpg','20190728_174003634_533.jpg','N','N','N','<p>안녕하세요!!~</p><p><br></p><p><b><span style="font-size: 24pt;">만나서 반갑습니다</span></b></p><p><span style="font-size: 14pt;">저는 <b><span style="color: rgb(255, 0, 0); font-size: 24pt;">KH 수강생</span></b>입니다.</span></p><p><span style="font-size: 36pt; font-family: 궁서, Gungsuh, GungSeo;">잘부탁드립니다~</span></p>','M',to_date('19/07/28','RR/MM/DD'),'너무 좋아서 탈퇴합니다.');
Insert into KHAWESOME.SECESSION_MEMBER (MEMBER_CODE,MEMBER_ID,NICKNAME,PASSWORD,MEMBER_NAME,BIRTHDAY,PHONE,GENDER,PROFILE,RENAMED_PROFILE,BLIND_DATE_OPEN,FRIEND_OPEN,SEARCH_OPEN,INTRODUCE,VERIFY,ENROLL_DATE,REASON) values (303,'yyongpall@gmail.com','bins','$2a$10$G9lXavoSJX3WTPcnQjhq7.LQBFwmgthz6naVakyy54k2apyclzkT.','김용빈',to_date('87/05/12','RR/MM/DD'),'01089721172','M','20190702_125655.png','20190726_120418691_882.png','N','N','N','<p>ㅁㄴㅍㅇㄴㅍ</p>','M',to_date('19/07/26','RR/MM/DD'),'ㅍㅁㄴㅇㅍㅁㄴㅍㅇㅁㅍ');
Insert into KHAWESOME.SECESSION_MEMBER (MEMBER_CODE,MEMBER_ID,NICKNAME,PASSWORD,MEMBER_NAME,BIRTHDAY,PHONE,GENDER,PROFILE,RENAMED_PROFILE,BLIND_DATE_OPEN,FRIEND_OPEN,SEARCH_OPEN,INTRODUCE,VERIFY,ENROLL_DATE,REASON) values (302,'yyongpall@gmail.com','bins','$2a$10$YLAjgVRcja87Im8vzH1L7OqSxmIZNRfNzf4MJc.LJChM09pjR4l9.','김용빈',to_date('87/05/12','RR/MM/DD'),'01089721172','M','20190702_125655.png','20190726_115755527_218.png','N','N','N','<p>ㅁㅍㄴㅇㅁㄴㅍㅇㅁ<b>​ㅁㄴㅍㅇㄴㅁㅍ<span style="font-size: 36pt;">﻿ㄴㅇㄴㅇ</span></b></p>','M',to_date('19/07/26','RR/MM/DD'),'ㅁㅇㅍㅁㄴㅍㅇㅁㅇㅍ');
Insert into KHAWESOME.SECESSION_MEMBER (MEMBER_CODE,MEMBER_ID,NICKNAME,PASSWORD,MEMBER_NAME,BIRTHDAY,PHONE,GENDER,PROFILE,RENAMED_PROFILE,BLIND_DATE_OPEN,FRIEND_OPEN,SEARCH_OPEN,INTRODUCE,VERIFY,ENROLL_DATE,REASON) values (341,'yyongpall@gmail.com','BinS','$2a$10$uQlKUuLxGuD.J2.RvkN0reGecsG31JGrhe6ykcz6lEt/L/dTIrIAC','김용빈',to_date('87/05/12','RR/MM/DD'),'01089721172','M','20190726_125406226_864.jpg','20190728_132522665_170.jpg','N','N','N','<p>aㅁㅍㄴㅁㅍ ㅁㄴㅇㅍㅁㄴ<b>​ㅁㄴㅇㅍㅁㄴㅇㅍㅁㄴㅇㅍㅁㄴㅍ<span style="font-size: 24pt;">﻿ㅁㄴㅇㅍㅁㄴㅍ</span></b></p>','M',to_date('19/07/28','RR/MM/DD'),'avddsv');
REM INSERTING into KHAWESOME.SMSAUTH
SET DEFINE OFF;
Insert into KHAWESOME.SMSAUTH (SMSAUTH_NO,SMSAUTH_JSESSIONID,SMSAUTH_SMS) values (26,'854F251E229F325CEFEBD4950D8AF626','9512');
Insert into KHAWESOME.SMSAUTH (SMSAUTH_NO,SMSAUTH_JSESSIONID,SMSAUTH_SMS) values (74,'3205883EE1E28B3838F51A86A6794513','8860');
Insert into KHAWESOME.SMSAUTH (SMSAUTH_NO,SMSAUTH_JSESSIONID,SMSAUTH_SMS) values (65,'22CFF189B18855A6C1CB9AE0DAFEEF85','1540');
REM INSERTING into KHAWESOME.USERTABLE
SET DEFINE OFF;
Insert into KHAWESOME.USERTABLE (SESSIONKEY,MEMBER_ID,SESSIONLIMIT) values ('F1361E53803CDB6E02ACDC7D65042284','test123@naver.com',to_timestamp('19/07/30 00:00:00.000000000','RR/MM/DD HH24:MI:SSXFF'));
Insert into KHAWESOME.USERTABLE (SESSIONKEY,MEMBER_ID,SESSIONLIMIT) values ('6E7CBA90E98C8A071520DA01624E5CEC','tlwns1@naver.com',to_timestamp('19/07/30 00:00:00.000000000','RR/MM/DD HH24:MI:SSXFF'));
Insert into KHAWESOME.USERTABLE (SESSIONKEY,MEMBER_ID,SESSIONLIMIT) values ('09B6931D685467A178A52E63E67D7730','yyongpall@gmail.com',to_timestamp('19/07/28 00:00:00.000000000','RR/MM/DD HH24:MI:SSXFF'));
Insert into KHAWESOME.USERTABLE (SESSIONKEY,MEMBER_ID,SESSIONLIMIT) values ('09B6931D685467A178A52E63E67D7730','yyongpall@gmail.com',to_timestamp('19/07/28 00:00:00.000000000','RR/MM/DD HH24:MI:SSXFF'));
Insert into KHAWESOME.USERTABLE (SESSIONKEY,MEMBER_ID,SESSIONLIMIT) values ('B5360A2995E4A6209292C609F1D252B4','tlwns1@naver.com',to_timestamp('19/07/29 00:00:00.000000000','RR/MM/DD HH24:MI:SSXFF'));
Insert into KHAWESOME.USERTABLE (SESSIONKEY,MEMBER_ID,SESSIONLIMIT) values ('4EA1496F907095EBF0FD302049365762','tlwns4@naver.com',to_timestamp('19/08/05 00:00:00.000000000','RR/MM/DD HH24:MI:SSXFF'));
Insert into KHAWESOME.USERTABLE (SESSIONKEY,MEMBER_ID,SESSIONLIMIT) values ('4EA1496F907095EBF0FD302049365762','tlwns4@naver.com',to_timestamp('19/07/29 00:00:00.000000000','RR/MM/DD HH24:MI:SSXFF'));
Insert into KHAWESOME.USERTABLE (SESSIONKEY,MEMBER_ID,SESSIONLIMIT) values ('926ABA7DB0A5738E303BAA4E1845A478','tlwns2@naver.com',to_timestamp('19/08/05 00:00:00.000000000','RR/MM/DD HH24:MI:SSXFF'));
Insert into KHAWESOME.USERTABLE (SESSIONKEY,MEMBER_ID,SESSIONLIMIT) values ('78346077C566C40E897224A6B9DDEADD','tlwns3@naver.com',to_timestamp('19/07/30 00:00:00.000000000','RR/MM/DD HH24:MI:SSXFF'));
Insert into KHAWESOME.USERTABLE (SESSIONKEY,MEMBER_ID,SESSIONLIMIT) values ('874598D64FE4266EB92AF0FE990102C5','tlwns1@naver.com',to_timestamp('19/08/06 00:00:00.000000000','RR/MM/DD HH24:MI:SSXFF'));
Insert into KHAWESOME.USERTABLE (SESSIONKEY,MEMBER_ID,SESSIONLIMIT) values ('F1361E53803CDB6E02ACDC7D65042284','test123@naver.com',to_timestamp('19/07/30 00:00:00.000000000','RR/MM/DD HH24:MI:SSXFF'));
Insert into KHAWESOME.USERTABLE (SESSIONKEY,MEMBER_ID,SESSIONLIMIT) values ('F1361E53803CDB6E02ACDC7D65042284','test123@naver.com',to_timestamp('19/07/30 00:00:00.000000000','RR/MM/DD HH24:MI:SSXFF'));
Insert into KHAWESOME.USERTABLE (SESSIONKEY,MEMBER_ID,SESSIONLIMIT) values ('F1361E53803CDB6E02ACDC7D65042284','test123@naver.com',to_timestamp('19/07/30 00:00:00.000000000','RR/MM/DD HH24:MI:SSXFF'));
Insert into KHAWESOME.USERTABLE (SESSIONKEY,MEMBER_ID,SESSIONLIMIT) values ('874598D64FE4266EB92AF0FE990102C5','tlwns1@naver.com',to_timestamp('19/07/30 00:00:00.000000000','RR/MM/DD HH24:MI:SSXFF'));
Insert into KHAWESOME.USERTABLE (SESSIONKEY,MEMBER_ID,SESSIONLIMIT) values ('641DEF6ED707D90DBBC1A948600F6A30','tlwns4@naver.com',to_timestamp('19/08/06 00:00:00.000000000','RR/MM/DD HH24:MI:SSXFF'));
Insert into KHAWESOME.USERTABLE (SESSIONKEY,MEMBER_ID,SESSIONLIMIT) values ('641DEF6ED707D90DBBC1A948600F6A30','tlwns4@naver.com',to_timestamp('19/07/30 00:00:00.000000000','RR/MM/DD HH24:MI:SSXFF'));
Insert into KHAWESOME.USERTABLE (SESSIONKEY,MEMBER_ID,SESSIONLIMIT) values ('E1B13955E7208988FAEC8F10EED162EA','tlwns1@naver.com',to_timestamp('19/08/06 00:00:00.000000000','RR/MM/DD HH24:MI:SSXFF'));
Insert into KHAWESOME.USERTABLE (SESSIONKEY,MEMBER_ID,SESSIONLIMIT) values ('E1B13955E7208988FAEC8F10EED162EA','tlwns1@naver.com',to_timestamp('19/07/30 00:00:00.000000000','RR/MM/DD HH24:MI:SSXFF'));
Insert into KHAWESOME.USERTABLE (SESSIONKEY,MEMBER_ID,SESSIONLIMIT) values ('31D57186A6693BC0C43B909A41A46FC2','tlwns1@naver.com',to_timestamp('19/08/06 00:00:00.000000000','RR/MM/DD HH24:MI:SSXFF'));
Insert into KHAWESOME.USERTABLE (SESSIONKEY,MEMBER_ID,SESSIONLIMIT) values ('31D57186A6693BC0C43B909A41A46FC2','tlwns1@naver.com',to_timestamp('19/07/30 00:00:00.000000000','RR/MM/DD HH24:MI:SSXFF'));
Insert into KHAWESOME.USERTABLE (SESSIONKEY,MEMBER_ID,SESSIONLIMIT) values ('7E2CD4565FA915110833C9E7C8477C42','tlwns4@naver.com',to_timestamp('19/08/06 00:00:00.000000000','RR/MM/DD HH24:MI:SSXFF'));
Insert into KHAWESOME.USERTABLE (SESSIONKEY,MEMBER_ID,SESSIONLIMIT) values ('7E2CD4565FA915110833C9E7C8477C42','tlwns4@naver.com',to_timestamp('19/07/30 00:00:00.000000000','RR/MM/DD HH24:MI:SSXFF'));
Insert into KHAWESOME.USERTABLE (SESSIONKEY,MEMBER_ID,SESSIONLIMIT) values ('1B0A704D25BDAA90FB38342541445FC9','tlwns4@naver.com',to_timestamp('19/08/06 00:00:00.000000000','RR/MM/DD HH24:MI:SSXFF'));
Insert into KHAWESOME.USERTABLE (SESSIONKEY,MEMBER_ID,SESSIONLIMIT) values ('1B0A704D25BDAA90FB38342541445FC9','tlwns4@naver.com',to_timestamp('19/07/30 00:00:00.000000000','RR/MM/DD HH24:MI:SSXFF'));
Insert into KHAWESOME.USERTABLE (SESSIONKEY,MEMBER_ID,SESSIONLIMIT) values ('671B810002FA23EF81050D5740911631','tlwns1@naver.com',to_timestamp('19/08/06 00:00:00.000000000','RR/MM/DD HH24:MI:SSXFF'));
Insert into KHAWESOME.USERTABLE (SESSIONKEY,MEMBER_ID,SESSIONLIMIT) values ('671B810002FA23EF81050D5740911631','tlwns1@naver.com',to_timestamp('19/07/30 00:00:00.000000000','RR/MM/DD HH24:MI:SSXFF'));
Insert into KHAWESOME.USERTABLE (SESSIONKEY,MEMBER_ID,SESSIONLIMIT) values ('9975567DF089259E04CB8008A75FABB6','tlwns4@naver.com',to_timestamp('19/08/06 00:00:00.000000000','RR/MM/DD HH24:MI:SSXFF'));
Insert into KHAWESOME.USERTABLE (SESSIONKEY,MEMBER_ID,SESSIONLIMIT) values ('9975567DF089259E04CB8008A75FABB6','tlwns4@naver.com',to_timestamp('19/07/30 00:00:00.000000000','RR/MM/DD HH24:MI:SSXFF'));
Insert into KHAWESOME.USERTABLE (SESSIONKEY,MEMBER_ID,SESSIONLIMIT) values ('60861C4A69BB529A58558CFBE8570AE9','tlwns1@naver.com',to_timestamp('19/08/06 00:00:00.000000000','RR/MM/DD HH24:MI:SSXFF'));
Insert into KHAWESOME.USERTABLE (SESSIONKEY,MEMBER_ID,SESSIONLIMIT) values ('60861C4A69BB529A58558CFBE8570AE9','tlwns1@naver.com',to_timestamp('19/07/30 00:00:00.000000000','RR/MM/DD HH24:MI:SSXFF'));
Insert into KHAWESOME.USERTABLE (SESSIONKEY,MEMBER_ID,SESSIONLIMIT) values ('14E0052C4C7C2BDEC735F4011BE2EF61','tlwns4@naver.com',to_timestamp('19/08/06 00:00:00.000000000','RR/MM/DD HH24:MI:SSXFF'));
Insert into KHAWESOME.USERTABLE (SESSIONKEY,MEMBER_ID,SESSIONLIMIT) values ('14E0052C4C7C2BDEC735F4011BE2EF61','tlwns4@naver.com',to_timestamp('19/07/30 00:00:00.000000000','RR/MM/DD HH24:MI:SSXFF'));
Insert into KHAWESOME.USERTABLE (SESSIONKEY,MEMBER_ID,SESSIONLIMIT) values ('5ACD6A253F132EE59451B297E6F37249','tlwns1@naver.com',to_timestamp('19/08/06 00:00:00.000000000','RR/MM/DD HH24:MI:SSXFF'));
Insert into KHAWESOME.USERTABLE (SESSIONKEY,MEMBER_ID,SESSIONLIMIT) values ('5ACD6A253F132EE59451B297E6F37249','tlwns1@naver.com',to_timestamp('19/07/30 00:00:00.000000000','RR/MM/DD HH24:MI:SSXFF'));
Insert into KHAWESOME.USERTABLE (SESSIONKEY,MEMBER_ID,SESSIONLIMIT) values ('6CC615548FB0D8B4FB863399AD5E8982','tlwns1@naver.com',to_timestamp('19/08/06 00:00:00.000000000','RR/MM/DD HH24:MI:SSXFF'));
Insert into KHAWESOME.USERTABLE (SESSIONKEY,MEMBER_ID,SESSIONLIMIT) values ('6CC615548FB0D8B4FB863399AD5E8982','tlwns1@naver.com',to_timestamp('19/07/30 00:00:00.000000000','RR/MM/DD HH24:MI:SSXFF'));
Insert into KHAWESOME.USERTABLE (SESSIONKEY,MEMBER_ID,SESSIONLIMIT) values ('AAFF5F06E0F3252B1FB4D88D9F049686','tlwns2@naver.com',to_timestamp('19/08/06 00:00:00.000000000','RR/MM/DD HH24:MI:SSXFF'));
Insert into KHAWESOME.USERTABLE (SESSIONKEY,MEMBER_ID,SESSIONLIMIT) values ('AAFF5F06E0F3252B1FB4D88D9F049686','tlwns2@naver.com',to_timestamp('19/07/30 00:00:00.000000000','RR/MM/DD HH24:MI:SSXFF'));
Insert into KHAWESOME.USERTABLE (SESSIONKEY,MEMBER_ID,SESSIONLIMIT) values ('DF7AF4F4132778D89E42E9C24D92A56A','tlwns1@naver.com',to_timestamp('19/08/06 00:00:00.000000000','RR/MM/DD HH24:MI:SSXFF'));
Insert into KHAWESOME.USERTABLE (SESSIONKEY,MEMBER_ID,SESSIONLIMIT) values ('15F27DB3291BB29C716C25B9FD412A98','tlwns1@naver.com',to_timestamp('19/08/06 00:00:00.000000000','RR/MM/DD HH24:MI:SSXFF'));
Insert into KHAWESOME.USERTABLE (SESSIONKEY,MEMBER_ID,SESSIONLIMIT) values ('15F27DB3291BB29C716C25B9FD412A98','tlwns1@naver.com',to_timestamp('19/08/06 00:00:00.000000000','RR/MM/DD HH24:MI:SSXFF'));
Insert into KHAWESOME.USERTABLE (SESSIONKEY,MEMBER_ID,SESSIONLIMIT) values ('43040D5AB3B81CD732E9015DCCBC55CC','tlwns1@naver.com',to_timestamp('19/08/06 00:00:00.000000000','RR/MM/DD HH24:MI:SSXFF'));
Insert into KHAWESOME.USERTABLE (SESSIONKEY,MEMBER_ID,SESSIONLIMIT) values ('0E8A050E622967C8B65FC75F494532F3','tlwns1@naver.com',to_timestamp('19/08/04 00:00:00.000000000','RR/MM/DD HH24:MI:SSXFF'));
Insert into KHAWESOME.USERTABLE (SESSIONKEY,MEMBER_ID,SESSIONLIMIT) values ('5F78388D34D0FAD60FC2773F3EC802E4','tlwns1@naver.com',to_timestamp('19/08/04 00:00:00.000000000','RR/MM/DD HH24:MI:SSXFF'));
Insert into KHAWESOME.USERTABLE (SESSIONKEY,MEMBER_ID,SESSIONLIMIT) values ('40ACB1332F4C61C36B7B73350C02DCD1','tlwns2@naver.com',to_timestamp('19/07/29 00:00:00.000000000','RR/MM/DD HH24:MI:SSXFF'));
Insert into KHAWESOME.USERTABLE (SESSIONKEY,MEMBER_ID,SESSIONLIMIT) values ('3717476BDDCF977538EB3DA4AFE7C7A5','tlwns3@naver.com',to_timestamp('19/08/05 00:00:00.000000000','RR/MM/DD HH24:MI:SSXFF'));
--------------------------------------------------------
--  DDL for Index SYS_C003960
--------------------------------------------------------

  CREATE UNIQUE INDEX "KHAWESOME"."SYS_C003960" ON "KHAWESOME"."INTERESTING" ("INTERESTING_CODE") 
  PCTFREE 10 INITRANS 2 MAXTRANS 255 COMPUTE STATISTICS 
  STORAGE(INITIAL 65536 NEXT 1048576 MINEXTENTS 1 MAXEXTENTS 2147483645
  PCTINCREASE 0 FREELISTS 1 FREELIST GROUPS 1
  BUFFER_POOL DEFAULT FLASH_CACHE DEFAULT CELL_FLASH_CACHE DEFAULT)
  TABLESPACE "USERS" ;
--------------------------------------------------------
--  DDL for Index SYS_C003986
--------------------------------------------------------

  CREATE UNIQUE INDEX "KHAWESOME"."SYS_C003986" ON "KHAWESOME"."QUESTION_BOARD" ("QUESTION_NO") 
  PCTFREE 10 INITRANS 2 MAXTRANS 255 COMPUTE STATISTICS 
  STORAGE(INITIAL 65536 NEXT 1048576 MINEXTENTS 1 MAXEXTENTS 2147483645
  PCTINCREASE 0 FREELISTS 1 FREELIST GROUPS 1
  BUFFER_POOL DEFAULT FLASH_CACHE DEFAULT CELL_FLASH_CACHE DEFAULT)
  TABLESPACE "USERS" ;
--------------------------------------------------------
--  DDL for Index SYS_C003988
--------------------------------------------------------

  CREATE UNIQUE INDEX "KHAWESOME"."SYS_C003988" ON "KHAWESOME"."QUESTION_COMMENT" ("QUESTION_COMMENT_NO") 
  PCTFREE 10 INITRANS 2 MAXTRANS 255 COMPUTE STATISTICS 
  STORAGE(INITIAL 65536 NEXT 1048576 MINEXTENTS 1 MAXEXTENTS 2147483645
  PCTINCREASE 0 FREELISTS 1 FREELIST GROUPS 1
  BUFFER_POOL DEFAULT FLASH_CACHE DEFAULT CELL_FLASH_CACHE DEFAULT)
  TABLESPACE "USERS" ;
--------------------------------------------------------
--  DDL for Index SYS_C003991
--------------------------------------------------------

  CREATE UNIQUE INDEX "KHAWESOME"."SYS_C003991" ON "KHAWESOME"."NOTICE" ("NOTICE_NO") 
  PCTFREE 10 INITRANS 2 MAXTRANS 255 
  TABLESPACE "USERS" ;
--------------------------------------------------------
--  DDL for Index SYS_C004042
--------------------------------------------------------

  CREATE UNIQUE INDEX "KHAWESOME"."SYS_C004042" ON "KHAWESOME"."CLUB" ("CLUB_CODE") 
  PCTFREE 10 INITRANS 2 MAXTRANS 255 COMPUTE STATISTICS 
  STORAGE(INITIAL 65536 NEXT 1048576 MINEXTENTS 1 MAXEXTENTS 2147483645
  PCTINCREASE 0 FREELISTS 1 FREELIST GROUPS 1
  BUFFER_POOL DEFAULT FLASH_CACHE DEFAULT CELL_FLASH_CACHE DEFAULT)
  TABLESPACE "USERS" ;
--------------------------------------------------------
--  DDL for Index SYS_C004079
--------------------------------------------------------

  CREATE UNIQUE INDEX "KHAWESOME"."SYS_C004079" ON "KHAWESOME"."SMSAUTH" ("SMSAUTH_NO") 
  PCTFREE 10 INITRANS 2 MAXTRANS 255 COMPUTE STATISTICS 
  STORAGE(INITIAL 65536 NEXT 1048576 MINEXTENTS 1 MAXEXTENTS 2147483645
  PCTINCREASE 0 FREELISTS 1 FREELIST GROUPS 1
  BUFFER_POOL DEFAULT FLASH_CACHE DEFAULT CELL_FLASH_CACHE DEFAULT)
  TABLESPACE "USERS" ;
--------------------------------------------------------
--  DDL for Index SYS_C004080
--------------------------------------------------------

  CREATE UNIQUE INDEX "KHAWESOME"."SYS_C004080" ON "KHAWESOME"."SCHOOL_CLUB" ("CLUB_CODE") 
  PCTFREE 10 INITRANS 2 MAXTRANS 255 COMPUTE STATISTICS 
  STORAGE(INITIAL 65536 NEXT 1048576 MINEXTENTS 1 MAXEXTENTS 2147483645
  PCTINCREASE 0 FREELISTS 1 FREELIST GROUPS 1
  BUFFER_POOL DEFAULT FLASH_CACHE DEFAULT CELL_FLASH_CACHE DEFAULT)
  TABLESPACE "USERS" ;
--------------------------------------------------------
--  DDL for Index SYS_C004115
--------------------------------------------------------

  CREATE UNIQUE INDEX "KHAWESOME"."SYS_C004115" ON "KHAWESOME"."MEMBER" ("MEMBER_CODE") 
  PCTFREE 10 INITRANS 2 MAXTRANS 255 COMPUTE STATISTICS 
  STORAGE(INITIAL 65536 NEXT 1048576 MINEXTENTS 1 MAXEXTENTS 2147483645
  PCTINCREASE 0 FREELISTS 1 FREELIST GROUPS 1
  BUFFER_POOL DEFAULT FLASH_CACHE DEFAULT CELL_FLASH_CACHE DEFAULT)
  TABLESPACE "USERS" ;
--------------------------------------------------------
--  DDL for Index SYS_C004121
--------------------------------------------------------

  CREATE UNIQUE INDEX "KHAWESOME"."SYS_C004121" ON "KHAWESOME"."CLUB_CONTENT" ("CLUB_CONTENT_CODE") 
  PCTFREE 10 INITRANS 2 MAXTRANS 255 COMPUTE STATISTICS 
  STORAGE(INITIAL 65536 NEXT 1048576 MINEXTENTS 1 MAXEXTENTS 2147483645
  PCTINCREASE 0 FREELISTS 1 FREELIST GROUPS 1
  BUFFER_POOL DEFAULT FLASH_CACHE DEFAULT CELL_FLASH_CACHE DEFAULT)
  TABLESPACE "USERS" ;
--------------------------------------------------------
--  DDL for Index SYS_C004135
--------------------------------------------------------

  CREATE UNIQUE INDEX "KHAWESOME"."SYS_C004135" ON "KHAWESOME"."CLUB_COMMENT" ("MEETING_COMMENT_CODE") 
  PCTFREE 10 INITRANS 2 MAXTRANS 255 COMPUTE STATISTICS 
  STORAGE(INITIAL 65536 NEXT 1048576 MINEXTENTS 1 MAXEXTENTS 2147483645
  PCTINCREASE 0 FREELISTS 1 FREELIST GROUPS 1
  BUFFER_POOL DEFAULT FLASH_CACHE DEFAULT CELL_FLASH_CACHE DEFAULT)
  TABLESPACE "USERS" ;
--------------------------------------------------------
--  DDL for Index SYS_C004137
--------------------------------------------------------

  CREATE UNIQUE INDEX "KHAWESOME"."SYS_C004137" ON "KHAWESOME"."CITY" ("CITY_CODE") 
  PCTFREE 10 INITRANS 2 MAXTRANS 255 COMPUTE STATISTICS 
  STORAGE(INITIAL 65536 NEXT 1048576 MINEXTENTS 1 MAXEXTENTS 2147483645
  PCTINCREASE 0 FREELISTS 1 FREELIST GROUPS 1
  BUFFER_POOL DEFAULT FLASH_CACHE DEFAULT CELL_FLASH_CACHE DEFAULT)
  TABLESPACE "USERS" ;
--------------------------------------------------------
--  DDL for Index SYS_C004138
--------------------------------------------------------

  CREATE UNIQUE INDEX "KHAWESOME"."SYS_C004138" ON "KHAWESOME"."LOCAL" ("LOCAL_CODE") 
  PCTFREE 10 INITRANS 2 MAXTRANS 255 COMPUTE STATISTICS 
  STORAGE(INITIAL 65536 NEXT 1048576 MINEXTENTS 1 MAXEXTENTS 2147483645
  PCTINCREASE 0 FREELISTS 1 FREELIST GROUPS 1
  BUFFER_POOL DEFAULT FLASH_CACHE DEFAULT CELL_FLASH_CACHE DEFAULT)
  TABLESPACE "USERS" ;
--------------------------------------------------------
--  DDL for Index SYS_C004150
--------------------------------------------------------

  CREATE UNIQUE INDEX "KHAWESOME"."SYS_C004150" ON "KHAWESOME"."MATCH_MANAGER" ("MATCH_NO") 
  PCTFREE 10 INITRANS 2 MAXTRANS 255 COMPUTE STATISTICS 
  STORAGE(INITIAL 65536 NEXT 1048576 MINEXTENTS 1 MAXEXTENTS 2147483645
  PCTINCREASE 0 FREELISTS 1 FREELIST GROUPS 1
  BUFFER_POOL DEFAULT FLASH_CACHE DEFAULT CELL_FLASH_CACHE DEFAULT)
  TABLESPACE "USERS" ;
--------------------------------------------------------
--  DDL for Index SYS_C004207
--------------------------------------------------------

  CREATE UNIQUE INDEX "KHAWESOME"."SYS_C004207" ON "KHAWESOME"."SECESSION_MEMBER" ("MEMBER_CODE") 
  PCTFREE 10 INITRANS 2 MAXTRANS 255 COMPUTE STATISTICS 
  STORAGE(INITIAL 65536 NEXT 1048576 MINEXTENTS 1 MAXEXTENTS 2147483645
  PCTINCREASE 0 FREELISTS 1 FREELIST GROUPS 1
  BUFFER_POOL DEFAULT FLASH_CACHE DEFAULT CELL_FLASH_CACHE DEFAULT)
  TABLESPACE "USERS" ;
--------------------------------------------------------
--  DDL for Index UNIQUE_MEMBER_ID
--------------------------------------------------------

  CREATE UNIQUE INDEX "KHAWESOME"."UNIQUE_MEMBER_ID" ON "KHAWESOME"."MEMBER" ("MEMBER_ID") 
  PCTFREE 10 INITRANS 2 MAXTRANS 255 COMPUTE STATISTICS 
  STORAGE(INITIAL 65536 NEXT 1048576 MINEXTENTS 1 MAXEXTENTS 2147483645
  PCTINCREASE 0 FREELISTS 1 FREELIST GROUPS 1
  BUFFER_POOL DEFAULT FLASH_CACHE DEFAULT CELL_FLASH_CACHE DEFAULT)
  TABLESPACE "USERS" ;
--------------------------------------------------------
--  DDL for Index UNIQUE_NICKNAME
--------------------------------------------------------

  CREATE UNIQUE INDEX "KHAWESOME"."UNIQUE_NICKNAME" ON "KHAWESOME"."MEMBER" ("NICKNAME") 
  PCTFREE 10 INITRANS 2 MAXTRANS 255 COMPUTE STATISTICS 
  STORAGE(INITIAL 65536 NEXT 1048576 MINEXTENTS 1 MAXEXTENTS 2147483645
  PCTINCREASE 0 FREELISTS 1 FREELIST GROUPS 1
  BUFFER_POOL DEFAULT FLASH_CACHE DEFAULT CELL_FLASH_CACHE DEFAULT)
  TABLESPACE "USERS" ;
--------------------------------------------------------
--  DDL for Trigger DELETE_MEMBER
--------------------------------------------------------

  CREATE OR REPLACE TRIGGER "KHAWESOME"."DELETE_MEMBER" 
    before
    delete on member
    for each row
begin
    insert into secession_member(member_code,member_id,nickname,password,member_name,birthday,phone,gender,profile,renamed_profile,blind_date_open,friend_open,search_open,introduce,verify,enroll_date)
                values (:old.member_code,:old.member_id,:old.nickname,:old.password,:old.member_name,:old.birthday,:old.phone,:old.gender,:old.profile,:old.renamed_profile,:old.blind_date_open,:old.friend_open,:old.search_open,:old.introduce,:old.verify,:old.enroll_date);
    delete from address where member_code=:old.member_code;
end;

/
ALTER TRIGGER "KHAWESOME"."DELETE_MEMBER" ENABLE;
--------------------------------------------------------
--  Constraints for Table ADDRESS
--------------------------------------------------------

  ALTER TABLE "KHAWESOME"."ADDRESS" MODIFY ("PLACE_LNG" NOT NULL ENABLE);
  ALTER TABLE "KHAWESOME"."ADDRESS" MODIFY ("PLACE_LAT" NOT NULL ENABLE);
  ALTER TABLE "KHAWESOME"."ADDRESS" MODIFY ("DETAIL_ADDRESS" NOT NULL ENABLE);
  ALTER TABLE "KHAWESOME"."ADDRESS" MODIFY ("ROAD_ADDRESS" NOT NULL ENABLE);
  ALTER TABLE "KHAWESOME"."ADDRESS" MODIFY ("ADDRESS" NOT NULL ENABLE);
  ALTER TABLE "KHAWESOME"."ADDRESS" MODIFY ("POST_NO" NOT NULL ENABLE);
--------------------------------------------------------
--  Constraints for Table ALARM_LOG
--------------------------------------------------------

  ALTER TABLE "KHAWESOME"."ALARM_LOG" MODIFY ("ALARM_CONTENT" NOT NULL ENABLE);
  ALTER TABLE "KHAWESOME"."ALARM_LOG" MODIFY ("STATUS" NOT NULL ENABLE);
--------------------------------------------------------
--  Constraints for Table BLIND_DATE_LIKE
--------------------------------------------------------

  ALTER TABLE "KHAWESOME"."BLIND_DATE_LIKE" ADD CHECK (like_check in ('Y','N')) ENABLE;
--------------------------------------------------------
--  Constraints for Table CHAT_LOG
--------------------------------------------------------

  ALTER TABLE "KHAWESOME"."CHAT_LOG" MODIFY ("CHAT_CONTENT" NOT NULL ENABLE);
--------------------------------------------------------
--  Constraints for Table CITY
--------------------------------------------------------

  ALTER TABLE "KHAWESOME"."CITY" ADD PRIMARY KEY ("CITY_CODE")
  USING INDEX PCTFREE 10 INITRANS 2 MAXTRANS 255 COMPUTE STATISTICS 
  STORAGE(INITIAL 65536 NEXT 1048576 MINEXTENTS 1 MAXEXTENTS 2147483645
  PCTINCREASE 0 FREELISTS 1 FREELIST GROUPS 1
  BUFFER_POOL DEFAULT FLASH_CACHE DEFAULT CELL_FLASH_CACHE DEFAULT)
  TABLESPACE "USERS"  ENABLE;
  ALTER TABLE "KHAWESOME"."CITY" MODIFY ("CITY_NAME" NOT NULL ENABLE);
--------------------------------------------------------
--  Constraints for Table CLUB
--------------------------------------------------------

  ALTER TABLE "KHAWESOME"."CLUB" ADD PRIMARY KEY ("CLUB_CODE")
  USING INDEX PCTFREE 10 INITRANS 2 MAXTRANS 255 COMPUTE STATISTICS 
  STORAGE(INITIAL 65536 NEXT 1048576 MINEXTENTS 1 MAXEXTENTS 2147483645
  PCTINCREASE 0 FREELISTS 1 FREELIST GROUPS 1
  BUFFER_POOL DEFAULT FLASH_CACHE DEFAULT CELL_FLASH_CACHE DEFAULT)
  TABLESPACE "USERS"  ENABLE;
  ALTER TABLE "KHAWESOME"."CLUB" MODIFY ("CLUB_INFO" NOT NULL ENABLE);
  ALTER TABLE "KHAWESOME"."CLUB" MODIFY ("CLUB_SIMPLE_INFO" NOT NULL ENABLE);
  ALTER TABLE "KHAWESOME"."CLUB" MODIFY ("CLUB_NAME" NOT NULL ENABLE);
--------------------------------------------------------
--  Constraints for Table CLUB_COMMENT
--------------------------------------------------------

  ALTER TABLE "KHAWESOME"."CLUB_COMMENT" ADD PRIMARY KEY ("MEETING_COMMENT_CODE")
  USING INDEX PCTFREE 10 INITRANS 2 MAXTRANS 255 COMPUTE STATISTICS 
  STORAGE(INITIAL 65536 NEXT 1048576 MINEXTENTS 1 MAXEXTENTS 2147483645
  PCTINCREASE 0 FREELISTS 1 FREELIST GROUPS 1
  BUFFER_POOL DEFAULT FLASH_CACHE DEFAULT CELL_FLASH_CACHE DEFAULT)
  TABLESPACE "USERS"  ENABLE;
  ALTER TABLE "KHAWESOME"."CLUB_COMMENT" MODIFY ("MEETING_CONTENT_CODE" NOT NULL ENABLE);
  ALTER TABLE "KHAWESOME"."CLUB_COMMENT" MODIFY ("COMMENT_DATE" NOT NULL ENABLE);
  ALTER TABLE "KHAWESOME"."CLUB_COMMENT" MODIFY ("COMMENT_CONTENT" NOT NULL ENABLE);
  ALTER TABLE "KHAWESOME"."CLUB_COMMENT" MODIFY ("COMMENT_WRITER" NOT NULL ENABLE);
--------------------------------------------------------
--  Constraints for Table CLUB_CONTENT
--------------------------------------------------------

  ALTER TABLE "KHAWESOME"."CLUB_CONTENT" ADD PRIMARY KEY ("CLUB_CONTENT_CODE")
  USING INDEX PCTFREE 10 INITRANS 2 MAXTRANS 255 COMPUTE STATISTICS 
  STORAGE(INITIAL 65536 NEXT 1048576 MINEXTENTS 1 MAXEXTENTS 2147483645
  PCTINCREASE 0 FREELISTS 1 FREELIST GROUPS 1
  BUFFER_POOL DEFAULT FLASH_CACHE DEFAULT CELL_FLASH_CACHE DEFAULT)
  TABLESPACE "USERS"  ENABLE;
  ALTER TABLE "KHAWESOME"."CLUB_CONTENT" ADD CHECK (write_level in ('0','1','2')) ENABLE;
  ALTER TABLE "KHAWESOME"."CLUB_CONTENT" MODIFY ("CONTENT" NOT NULL ENABLE);
  ALTER TABLE "KHAWESOME"."CLUB_CONTENT" MODIFY ("CONTENT_TITLE" NOT NULL ENABLE);
--------------------------------------------------------
--  Constraints for Table CLUB_MEMBER
--------------------------------------------------------

  ALTER TABLE "KHAWESOME"."CLUB_MEMBER" ADD CHECK (club_join_check in ('Y','N')) ENABLE;
--------------------------------------------------------
--  Constraints for Table CLUB_PHOTO
--------------------------------------------------------

  ALTER TABLE "KHAWESOME"."CLUB_PHOTO" MODIFY ("CLUB_RENAMED_FILENAME" NOT NULL ENABLE);
  ALTER TABLE "KHAWESOME"."CLUB_PHOTO" MODIFY ("CLUB_ORIGINAL_FILENAME" NOT NULL ENABLE);
  ALTER TABLE "KHAWESOME"."CLUB_PHOTO" MODIFY ("CLUB_CODE" NOT NULL ENABLE);
  ALTER TABLE "KHAWESOME"."CLUB_PHOTO" MODIFY ("CLUB_CONTENT_CODE" NOT NULL ENABLE);
--------------------------------------------------------
--  Constraints for Table DELETE_ADDRESS
--------------------------------------------------------

  ALTER TABLE "KHAWESOME"."DELETE_ADDRESS" MODIFY ("PLACE_LNG" NOT NULL ENABLE);
  ALTER TABLE "KHAWESOME"."DELETE_ADDRESS" MODIFY ("PLACE_LAT" NOT NULL ENABLE);
  ALTER TABLE "KHAWESOME"."DELETE_ADDRESS" MODIFY ("DETAIL_ADDRESS" NOT NULL ENABLE);
  ALTER TABLE "KHAWESOME"."DELETE_ADDRESS" MODIFY ("ROAD_ADDRESS" NOT NULL ENABLE);
  ALTER TABLE "KHAWESOME"."DELETE_ADDRESS" MODIFY ("ADDRESS" NOT NULL ENABLE);
  ALTER TABLE "KHAWESOME"."DELETE_ADDRESS" MODIFY ("POST_NO" NOT NULL ENABLE);
--------------------------------------------------------
--  Constraints for Table FRIEND
--------------------------------------------------------

  ALTER TABLE "KHAWESOME"."FRIEND" ADD CHECK (friend_check in ('Y','N')) ENABLE;
--------------------------------------------------------
--  Constraints for Table INTERESTING
--------------------------------------------------------

  ALTER TABLE "KHAWESOME"."INTERESTING" ADD PRIMARY KEY ("INTERESTING_CODE")
  USING INDEX PCTFREE 10 INITRANS 2 MAXTRANS 255 COMPUTE STATISTICS 
  STORAGE(INITIAL 65536 NEXT 1048576 MINEXTENTS 1 MAXEXTENTS 2147483645
  PCTINCREASE 0 FREELISTS 1 FREELIST GROUPS 1
  BUFFER_POOL DEFAULT FLASH_CACHE DEFAULT CELL_FLASH_CACHE DEFAULT)
  TABLESPACE "USERS"  ENABLE;
--------------------------------------------------------
--  Constraints for Table LOCAL
--------------------------------------------------------

  ALTER TABLE "KHAWESOME"."LOCAL" ADD PRIMARY KEY ("LOCAL_CODE")
  USING INDEX PCTFREE 10 INITRANS 2 MAXTRANS 255 COMPUTE STATISTICS 
  STORAGE(INITIAL 65536 NEXT 1048576 MINEXTENTS 1 MAXEXTENTS 2147483645
  PCTINCREASE 0 FREELISTS 1 FREELIST GROUPS 1
  BUFFER_POOL DEFAULT FLASH_CACHE DEFAULT CELL_FLASH_CACHE DEFAULT)
  TABLESPACE "USERS"  ENABLE;
--------------------------------------------------------
--  Constraints for Table MATCHING_JOIN_MEMBER
--------------------------------------------------------

  ALTER TABLE "KHAWESOME"."MATCHING_JOIN_MEMBER" ADD CHECK (permit_check in ('Y','N')) ENABLE;
  ALTER TABLE "KHAWESOME"."MATCHING_JOIN_MEMBER" ADD CHECK (join_check in ('Y','N')) ENABLE;
--------------------------------------------------------
--  Constraints for Table MATCH_MANAGER
--------------------------------------------------------

  ALTER TABLE "KHAWESOME"."MATCH_MANAGER" ADD PRIMARY KEY ("MATCH_NO")
  USING INDEX PCTFREE 10 INITRANS 2 MAXTRANS 255 COMPUTE STATISTICS 
  STORAGE(INITIAL 65536 NEXT 1048576 MINEXTENTS 1 MAXEXTENTS 2147483645
  PCTINCREASE 0 FREELISTS 1 FREELIST GROUPS 1
  BUFFER_POOL DEFAULT FLASH_CACHE DEFAULT CELL_FLASH_CACHE DEFAULT)
  TABLESPACE "USERS"  ENABLE;
  ALTER TABLE "KHAWESOME"."MATCH_MANAGER" ADD CHECK (matching_type in('L','C')) ENABLE;
  ALTER TABLE "KHAWESOME"."MATCH_MANAGER" MODIFY ("MATCH_END_DATE" NOT NULL ENABLE);
  ALTER TABLE "KHAWESOME"."MATCH_MANAGER" MODIFY ("MATCH_CONTENT" NOT NULL ENABLE);
  ALTER TABLE "KHAWESOME"."MATCH_MANAGER" MODIFY ("MATCHING_TYPE" NOT NULL ENABLE);
  ALTER TABLE "KHAWESOME"."MATCH_MANAGER" MODIFY ("MATCH_TITLE" NOT NULL ENABLE);
--------------------------------------------------------
--  Constraints for Table MEMBER
--------------------------------------------------------

  ALTER TABLE "KHAWESOME"."MEMBER" ADD CONSTRAINT "UNIQUE_NICKNAME" UNIQUE ("NICKNAME")
  USING INDEX PCTFREE 10 INITRANS 2 MAXTRANS 255 COMPUTE STATISTICS 
  STORAGE(INITIAL 65536 NEXT 1048576 MINEXTENTS 1 MAXEXTENTS 2147483645
  PCTINCREASE 0 FREELISTS 1 FREELIST GROUPS 1
  BUFFER_POOL DEFAULT FLASH_CACHE DEFAULT CELL_FLASH_CACHE DEFAULT)
  TABLESPACE "USERS"  ENABLE;
  ALTER TABLE "KHAWESOME"."MEMBER" ADD CONSTRAINT "UNIQUE_MEMBER_ID" UNIQUE ("MEMBER_ID")
  USING INDEX PCTFREE 10 INITRANS 2 MAXTRANS 255 COMPUTE STATISTICS 
  STORAGE(INITIAL 65536 NEXT 1048576 MINEXTENTS 1 MAXEXTENTS 2147483645
  PCTINCREASE 0 FREELISTS 1 FREELIST GROUPS 1
  BUFFER_POOL DEFAULT FLASH_CACHE DEFAULT CELL_FLASH_CACHE DEFAULT)
  TABLESPACE "USERS"  ENABLE;
  ALTER TABLE "KHAWESOME"."MEMBER" ADD PRIMARY KEY ("MEMBER_CODE")
  USING INDEX PCTFREE 10 INITRANS 2 MAXTRANS 255 COMPUTE STATISTICS 
  STORAGE(INITIAL 65536 NEXT 1048576 MINEXTENTS 1 MAXEXTENTS 2147483645
  PCTINCREASE 0 FREELISTS 1 FREELIST GROUPS 1
  BUFFER_POOL DEFAULT FLASH_CACHE DEFAULT CELL_FLASH_CACHE DEFAULT)
  TABLESPACE "USERS"  ENABLE;
  ALTER TABLE "KHAWESOME"."MEMBER" ADD CHECK (verify in ('A', 'M')) ENABLE;
  ALTER TABLE "KHAWESOME"."MEMBER" ADD CHECK (search_open in ('Y','N')) ENABLE;
  ALTER TABLE "KHAWESOME"."MEMBER" ADD CHECK (friend_open in ('Y','N')) ENABLE;
  ALTER TABLE "KHAWESOME"."MEMBER" ADD CHECK (blind_date_open in ('Y','N')) ENABLE;
  ALTER TABLE "KHAWESOME"."MEMBER" ADD CHECK (gender in ('M','F')) ENABLE;
  ALTER TABLE "KHAWESOME"."MEMBER" MODIFY ("RENAMED_PROFILE" NOT NULL ENABLE);
  ALTER TABLE "KHAWESOME"."MEMBER" MODIFY ("PROFILE" NOT NULL ENABLE);
  ALTER TABLE "KHAWESOME"."MEMBER" MODIFY ("PHONE" NOT NULL ENABLE);
  ALTER TABLE "KHAWESOME"."MEMBER" MODIFY ("BIRTHDAY" NOT NULL ENABLE);
  ALTER TABLE "KHAWESOME"."MEMBER" MODIFY ("MEMBER_NAME" NOT NULL ENABLE);
  ALTER TABLE "KHAWESOME"."MEMBER" MODIFY ("PASSWORD" NOT NULL ENABLE);
  ALTER TABLE "KHAWESOME"."MEMBER" MODIFY ("NICKNAME" NOT NULL ENABLE);
  ALTER TABLE "KHAWESOME"."MEMBER" MODIFY ("MEMBER_ID" NOT NULL ENABLE);
--------------------------------------------------------
--  Constraints for Table NOTICE
--------------------------------------------------------

  ALTER TABLE "KHAWESOME"."NOTICE" ADD PRIMARY KEY ("NOTICE_NO")
  USING INDEX PCTFREE 10 INITRANS 2 MAXTRANS 255 
  TABLESPACE "USERS"  ENABLE;
  ALTER TABLE "KHAWESOME"."NOTICE" MODIFY ("NOTICE_CONTENT" NOT NULL ENABLE);
  ALTER TABLE "KHAWESOME"."NOTICE" MODIFY ("NOTICE_TITLE" NOT NULL ENABLE);
--------------------------------------------------------
--  Constraints for Table QUESTION_BOARD
--------------------------------------------------------

  ALTER TABLE "KHAWESOME"."QUESTION_BOARD" ADD PRIMARY KEY ("QUESTION_NO")
  USING INDEX PCTFREE 10 INITRANS 2 MAXTRANS 255 COMPUTE STATISTICS 
  STORAGE(INITIAL 65536 NEXT 1048576 MINEXTENTS 1 MAXEXTENTS 2147483645
  PCTINCREASE 0 FREELISTS 1 FREELIST GROUPS 1
  BUFFER_POOL DEFAULT FLASH_CACHE DEFAULT CELL_FLASH_CACHE DEFAULT)
  TABLESPACE "USERS"  ENABLE;
  ALTER TABLE "KHAWESOME"."QUESTION_BOARD" ADD CHECK (question_open in ('Y','N')) ENABLE;
  ALTER TABLE "KHAWESOME"."QUESTION_BOARD" MODIFY ("QUESTION_CONTENT" NOT NULL ENABLE);
  ALTER TABLE "KHAWESOME"."QUESTION_BOARD" MODIFY ("QUESTION_TITLE" NOT NULL ENABLE);
--------------------------------------------------------
--  Constraints for Table QUESTION_COMMENT
--------------------------------------------------------

  ALTER TABLE "KHAWESOME"."QUESTION_COMMENT" ADD PRIMARY KEY ("QUESTION_COMMENT_NO")
  USING INDEX PCTFREE 10 INITRANS 2 MAXTRANS 255 COMPUTE STATISTICS 
  STORAGE(INITIAL 65536 NEXT 1048576 MINEXTENTS 1 MAXEXTENTS 2147483645
  PCTINCREASE 0 FREELISTS 1 FREELIST GROUPS 1
  BUFFER_POOL DEFAULT FLASH_CACHE DEFAULT CELL_FLASH_CACHE DEFAULT)
  TABLESPACE "USERS"  ENABLE;
  ALTER TABLE "KHAWESOME"."QUESTION_COMMENT" MODIFY ("QUESTION_COMMENT_CONTENT" NOT NULL ENABLE);
--------------------------------------------------------
--  Constraints for Table REPORT
--------------------------------------------------------

  ALTER TABLE "KHAWESOME"."REPORT" MODIFY ("REPORTED_TYPE" NOT NULL ENABLE);
  ALTER TABLE "KHAWESOME"."REPORT" MODIFY ("REPORTED_CODE" NOT NULL ENABLE);
  ALTER TABLE "KHAWESOME"."REPORT" MODIFY ("REPORT_TYPE" NOT NULL ENABLE);
--------------------------------------------------------
--  Constraints for Table SCHOOL_CLUB
--------------------------------------------------------

  ALTER TABLE "KHAWESOME"."SCHOOL_CLUB" ADD PRIMARY KEY ("CLUB_CODE")
  USING INDEX PCTFREE 10 INITRANS 2 MAXTRANS 255 COMPUTE STATISTICS 
  STORAGE(INITIAL 65536 NEXT 1048576 MINEXTENTS 1 MAXEXTENTS 2147483645
  PCTINCREASE 0 FREELISTS 1 FREELIST GROUPS 1
  BUFFER_POOL DEFAULT FLASH_CACHE DEFAULT CELL_FLASH_CACHE DEFAULT)
  TABLESPACE "USERS"  ENABLE;
--------------------------------------------------------
--  Constraints for Table SECESSION_MEMBER
--------------------------------------------------------

  ALTER TABLE "KHAWESOME"."SECESSION_MEMBER" ADD PRIMARY KEY ("MEMBER_CODE")
  USING INDEX PCTFREE 10 INITRANS 2 MAXTRANS 255 COMPUTE STATISTICS 
  STORAGE(INITIAL 65536 NEXT 1048576 MINEXTENTS 1 MAXEXTENTS 2147483645
  PCTINCREASE 0 FREELISTS 1 FREELIST GROUPS 1
  BUFFER_POOL DEFAULT FLASH_CACHE DEFAULT CELL_FLASH_CACHE DEFAULT)
  TABLESPACE "USERS"  ENABLE;
  ALTER TABLE "KHAWESOME"."SECESSION_MEMBER" ADD CHECK (verify in ('A', 'M')) ENABLE;
  ALTER TABLE "KHAWESOME"."SECESSION_MEMBER" ADD CHECK (search_open in ('Y','N')) ENABLE;
  ALTER TABLE "KHAWESOME"."SECESSION_MEMBER" ADD CHECK (friend_open in ('Y','N')) ENABLE;
  ALTER TABLE "KHAWESOME"."SECESSION_MEMBER" ADD CHECK (blind_date_open in ('Y','N')) ENABLE;
  ALTER TABLE "KHAWESOME"."SECESSION_MEMBER" ADD CHECK (gender in ('M','F')) ENABLE;
  ALTER TABLE "KHAWESOME"."SECESSION_MEMBER" MODIFY ("RENAMED_PROFILE" NOT NULL ENABLE);
  ALTER TABLE "KHAWESOME"."SECESSION_MEMBER" MODIFY ("PROFILE" NOT NULL ENABLE);
  ALTER TABLE "KHAWESOME"."SECESSION_MEMBER" MODIFY ("PHONE" NOT NULL ENABLE);
  ALTER TABLE "KHAWESOME"."SECESSION_MEMBER" MODIFY ("BIRTHDAY" NOT NULL ENABLE);
  ALTER TABLE "KHAWESOME"."SECESSION_MEMBER" MODIFY ("MEMBER_NAME" NOT NULL ENABLE);
  ALTER TABLE "KHAWESOME"."SECESSION_MEMBER" MODIFY ("PASSWORD" NOT NULL ENABLE);
  ALTER TABLE "KHAWESOME"."SECESSION_MEMBER" MODIFY ("NICKNAME" NOT NULL ENABLE);
  ALTER TABLE "KHAWESOME"."SECESSION_MEMBER" MODIFY ("MEMBER_ID" NOT NULL ENABLE);
--------------------------------------------------------
--  Constraints for Table SMSAUTH
--------------------------------------------------------

  ALTER TABLE "KHAWESOME"."SMSAUTH" ADD PRIMARY KEY ("SMSAUTH_NO")
  USING INDEX PCTFREE 10 INITRANS 2 MAXTRANS 255 COMPUTE STATISTICS 
  STORAGE(INITIAL 65536 NEXT 1048576 MINEXTENTS 1 MAXEXTENTS 2147483645
  PCTINCREASE 0 FREELISTS 1 FREELIST GROUPS 1
  BUFFER_POOL DEFAULT FLASH_CACHE DEFAULT CELL_FLASH_CACHE DEFAULT)
  TABLESPACE "USERS"  ENABLE;
  ALTER TABLE "KHAWESOME"."SMSAUTH" MODIFY ("SMSAUTH_SMS" NOT NULL ENABLE);
  ALTER TABLE "KHAWESOME"."SMSAUTH" MODIFY ("SMSAUTH_JSESSIONID" NOT NULL ENABLE);
--------------------------------------------------------
--  Constraints for Table USERTABLE
--------------------------------------------------------

  ALTER TABLE "KHAWESOME"."USERTABLE" MODIFY ("MEMBER_ID" NOT NULL ENABLE);
  ALTER TABLE "KHAWESOME"."USERTABLE" MODIFY ("SESSIONKEY" NOT NULL ENABLE);
