<?xml version="1.0" encoding="UTF-8"?>
<beans xmlns="http://www.springframework.org/schema/beans"
	xmlns:xsi="http://www.w3.org/2001/XMLSchema-instance"
	xmlns:aop="http://www.springframework.org/schema/aop"
	xsi:schemaLocation="http://www.springframework.org/schema/beans http://www.springframework.org/schema/beans/spring-beans.xsd
		http://www.springframework.org/schema/aop http://www.springframework.org/schema/aop/spring-aop-4.3.xsd">
	<!-- #9.2 aop설정 -->
	<!-- =================================== 선언적 sop 시작 ================================================== -->
	<!-- LoggerAspect클래스를 빈으로 등록 -->
	<!-- <bean id="loggerAspect" class="com.kh.spring.common.aop.LoggerAspect"/>	
	
	<aop:config>
		<aop:aspect id="loggerAspect" ref="loggerAspect">
			<aop:pointcut expression="execution(* com.kh.spring.memo..*(..))" id="pctest"/>
			<aop:around method="loggerAdvice" pointcut-ref="pctest"/>
		</aop:aspect>
	
	</aop:config> -->
	
	<!-- =================================== 선언적 sop 끝 ================================================== -->
	<!-- =================================== 프로그래밍적 aop 시작 ================================================== -->
	<!-- applicationContext에 설정된 aop(transactionManager 관련설정)을 가져와서 사용하겠다. -->
	<aop:aspectj-autoproxy/>
	
	<!-- =================================== 프로그래밍적 aop 끝 ================================================== -->

</beans>
