<?xml version="1.0" encoding="UTF-8"?>
<!DOCTYPE mapper
  PUBLIC "-//mybatis.org//DTD Mapper 3.0//EN"
  "http://mybatis.org/dtd/mybatis-3-mapper.dtd">
  <mapper namespace="member">
  
  	<insert id="insertMember" parameterType="member">
		insert into member
		 values(
				member_seq.nextval, 
				#{memberId},
				#{nickName}, 
				#{password},
				#{memberName},
				#{birthday},
                #{phone},
                #{gender},
                #{profile},
                #{renamedProfile},
				#{blindDateOpen},
                #{friendOpen},
				#{searchOpen},
				#{introduce},
				#{verify},
				sysdate
			)
			
		<selectKey keyProperty="memberCode" resultType="_int"
					order="AFTER">
			select member_seq.currval from dual
		</selectKey>
  	</insert>
  	
	  <select id="selectOneMember" parameterType="member" resultType="member">
	  	select * from member
	  	<trim prefix="where" prefixOverrides="AND |OR">
	  		<if test="memberId != null and memberId != ''">
				and member_id = #{memberId}
			</if>
			<if test="nickName != null and nickName != ''">
				and nickname = #{nickName}
			</if>
			<if test="memberName != null and memberName != ''">
				and member_name = #{memberName}
			</if>
			<if test="phone != null and phone != ''">
				and phone = #{phone}
			</if>
		</trim>
	  </select>
	  
	  <select id="selectSms" parameterType="map" resultType="_int">
	  	select count(*) from smsauth where smsauth_jsessionid=#{jsessionid}
	  </select>
	  
	  <insert id="insertSms" parameterType="map">
	  	insert into smsauth values(seq_smsauth.nextval,#{jsessionid},#{sms})
	  </insert>
	  
	  <update id="updateSms" parameterType="map">
	  	update smsauth set smsauth_sms=#{sms} where smsauth_jsessionid=#{jsessionid}
	  </update>
	  
	  <delete id="deleteSms" parameterType="map">
	  	delete from smsauth where smsauth_jsessionid=#{jsessionid}
	  </delete>
	  
  	<select id="chkSms" parameterType="map" resultType="_int">
	  	select count(*) from smsauth where smsauth_jsessionid=#{jsessionid} and smsauth_sms=#{sms}
	  </select>
	  
	  <update id="updateMember" parameterType="member">
	  	update member 
	  	<trim prefix="set" suffixOverrides=",">
	  		<if test="memberId != null and memberId != ''">
				 member_id = #{memberId},
			</if>
			<if test="nickName != null and nickName != ''">
				 nickname = #{nickName},
			</if>
			<if test="password != null and password != ''">
				 password = #{password},
			</if>
			<if test="memberName != null and memberName != ''">
				 member_name = #{memberName},
			</if>
<!--  			<if test="birthday != null and birthday != ''">
				 birthday = #{birthday},
			</if> --> 
			<if test="phone != null and phone != ''">
				 phone = #{phone},
			</if>
			<if test="gender != null and gender != ''">
				 gender = #{gender},
			</if>
			<if test="profile != null and profile != ''">
				 profile = #{profile},
			</if>
			<if test="renamedProfile != null and renamedProfile != ''">
				 renamed_profile = #{renamedProfile},
			</if>
			<if test="introduce != null and introduce != ''">
				 introduce = #{introduce},
			</if>			
		</trim>
	  	<trim prefix="where" prefixOverrides="AND">
	  		<if test="memberId != null and memberId != ''">
				 and member_id = #{memberId}
			</if>
<!-- 			<if test="nickName != null and nickName != ''">
				 and nickname = #{nickName}
			</if>
			<if test="password != null and password != ''">
				 and password = #{password}
			</if>
			<if test="memberName != null and memberName != ''">
				 and member_name = #{memberName}
			</if>
			<if test="birthday != null and birthday != ''">
				 and birthday = #{birthday}
			</if>
			<if test="phone != null and phone != ''">
				 and phone = #{phone}
			</if>
			<if test="gender != null and gender != ''">
				 and gender = #{gender}
			</if>
			<if test="profile != null and profile != ''">
				 and profile = #{profile}
			</if>
			<if test="renamedProfile != null and renamedProfile != ''">
				 and renamed_profile = #{renamedProfile}
			</if>
			<if test="introduce != null and introduce != ''">
				 and introduce = #{introduce}
			</if> -->
		</trim>
		
		<selectKey keyProperty="memberCode" resultType="_int"
					order="AFTER">
			select member_code from member where member_id = #{memberId}
		</selectKey>
	  </update>
	  
	<!--
        로그인된 경우 해당 세션id와 유효시간을 사용자 테이블에 세팅한다.
     -->
    <insert id="keepLogin">
        insert into userTable values(
        					#{sessionId},
        					#{memberId},
							#{next}
							)
    </insert>
    
    <insert id="updateKeepLogin">
		update userTable set 
						sessionkey = #{sessionId},
						member_id = #{memberId},
						sessionlimit = #{date}
						where member_id = #{memberId}
    </insert>
     
    <!--
        유효기간이 남아 있으면서 해당 sessionId를 가지는 사용자 정보를 꺼내오는 부분
     -->
    <select id="checkUserWithSessionKey" resultType="member">
    <![CDATA[
        select m.* from member m left join userTable u
                    on m.member_id= u.member_id
                    where u.sessionkey=#{sessionId} and u.sessionLimit > SYSTIMESTAMP
    ]]>     
    </select>
    
    
    <delete id="deleteMember" parameterType="member">
    	delete from member where member_code=#{memberCode}
    </delete>
	  
	<update id="updateReason"  parameterType="map">
	  	update secession_member set reason=#{reason} where member_code=#{memberCode}
	  </update>
	  
  </mapper>