<?xml version="1.0" encoding="UTF-8"?>
<!DOCTYPE mapper
  PUBLIC "-//mybatis.org//DTD Mapper 3.0//EN"
  "http://mybatis.org/dtd/mybatis-3-mapper.dtd">
<mapper namespace="map">
	<select id="selectAddress" resultType="string">
		select address from address where member_code=#{memberCode}
	</select>
	
	<select id="findFriend" resultType="map">
		select * from member M join address A using(member_code) join member_interesting B using(member_code)
		where address like '%'||#{result}||'%' and member_code not in #{memberCode} and friend_open = #{searchCode}
	</select>
	
	<select id="selectMyAddress" resultType="map">
		select place_lat, place_lng from address where member_code=#{memberCode}
	</select>
	
	<update id="enrollInfoCheck">
		update member
		set friend_open = #{infocheck}
		where member_code = #{memberCode}
	</update>
	
	<insert id="enrollInteresting">
		insert into member_interesting values(#{memberCode}, #{str})
	</insert>
	
	<select id="checkInfo" resultType="string">
		select friend_open from member where member_code=#{memberCode}
	</select>
	
	<insert id="sendFriend">
		insert into friend values(#{memberCode}, #{friendCode}, #{result})
	</insert>
	
	<select id="checkFriend" resultType="_int">
		select count(*) from friend where member_code = #{memberCode} and friend_member_code = #{friendCode}
	</select>
	
</mapper>