<?xml version="1.0" encoding="UTF-8"?>
<!DOCTYPE mapper PUBLIC "-//mybatis.org//DTD Mapper 3.0//EN" "http://mybatis.org/dtd/mybatis-3-mapper.dtd" >
<mapper namespace="stomp">
	<select id="findChatIdByMemberId" resultType="string">
		select A.chat_id
		from (select * from chatroom where member_code = #{memberCode} and status ='Y') A 
			join (select * from chatroom where member_code = #{otherMemberCode} and status='Y') B 
			on A.chat_id = B.chat_id
	</select>
	
	<insert id="insertChatLog">
		INSERT INTO CHAT_LOG
		VALUES(#{memberCode}, #{otherMemberCode}, #{message}, sysdate, 'N')
		
	</insert>
	<select id="codeToId" resultType="string">
		select member_id from member where member_code = #{memberCode}
	</select>
	<select id="selectChat" resultType="map">
		select DISTINCT member_code from chat_log where receive_member_code = #{mCode}
	</select>
	
	<select id="selectMyChat" resultType="map">
		select *
		from chat_log
		where member_Code = #{memberCode}
			and recevice_member_code = #{receiveMemberCode}
		order by log_Date
	</select>
	
	<insert id="insertAlarm">
		INSERT INTO alarm_log
		VALUES(#{memberCode}, #{receiveMemberCode}, 'N', #{message} ,sysdate)
	</insert>
	
	<select id="selectAlarm" resultType="alarm">
		select * 
		from alarm_log
		where receive_member_code = #{mCode}
		order by log_date desc
	</select>
	<select id="findRecentList" resultType="map">
		select *
		from (
		    select chatno,
		           A.chatid, 
		           (select memberid from chatroom where A.chatid = chatid and memberid != 'admin') memberid, 
		           msg, 
		           time,
		           count(*) over(partition by A.chatid,A.memberid) cnt,
		           rank() over(partition by A.chatid order by time desc) rank 
		    from chatlog A left join chatroom B
		        on A.chatid = B.chatid and A.memberid = B.memberid
		    where time > (select lastcheck from chatroom C where C.chatid = A.chatid and memberid = 'admin')
		    order by time desc)A
		where rank = 1
		union all 
		select *
		from (
		    select chatno,
		           A.chatid, 
		           (select memberid from chatroom where A.chatid = chatid and memberid != 'admin') memberid, 
		           msg, 
		           time,
		           0 cnt,
		           rank() over(partition by A.chatid order by time desc) rank 
		    from chatlog A left join chatroom B
			        on A.chatid = B.chatid and A.memberid = B.memberid
			order by time desc)A
		where rank = 1 and time <![CDATA[ <= ]]> (select lastcheck from chatroom C where C.chatid = A.chatid and memberid = 'admin')
	</select>
	<select id="findChatListByChatId" resultType="msg">
		select * 
		from chat_log
		where chat_id = #{chatId}
		order by chat_no
	</select>
	
	
	
	
</mapper>